{"type":"FeatureCollection","features":[{"type":"Feature","properties":{"n":"Alt Camp"},"geometry":{"type":"Polygon","coordinates":[[[1.4797,41.4532],[1.487,41.4645],[1.4871,41.4684],[1.483,41.4747],[1.4746,41.4783],[1.4549,41.4677],[1.4553,41.4625],[1.4406,41.4491],[1.4218,41.4488],[1.4039,41.4352],[1.3828,41.4479],[1.369,41.4439],[1.3718,41.4368],[1.3653,41.4318],[1.3556,41.4283],[1.3411,41.4307],[1.3283,41.4272],[1.3265,41.442],[1.3211,41.4482],[1.3179,41.4427],[1.3074,41.4355],[1.3034,41.4278],[1.2915,41.4254],[1.2881,41.4189],[1.271,41.4081],[1.2594,41.4039],[1.2612,41.3986],[1.2523,41.3878],[1.2537,41.3848],[1.2405,41.3839],[1.2397,41.3757],[1.2302,41.3736],[1.2256,41.3632],[1.2257,41.3506],[1.221,41.3426],[1.2113,41.334],[1.1969,41.3285],[1.1913,41.3153],[1.1849,41.3196],[1.1745,41.3203],[1.1445,41.3089],[1.1263,41.3054],[1.1075,41.3081],[1.1035,41.3108],[1.1077,41.3132],[1.1062,41.3148],[1.0713,41.321],[1.0641,41.3263],[1.0429,41.3183],[1.0539,41.3063],[1.0662,41.3047],[1.0574,41.2941],[1.0581,41.2733],[1.0531,41.2681],[1.0884,41.264],[1.0995,41.266],[1.104,41.257],[1.1185,41.2602],[1.1407,41.2583],[1.1435,41.2473],[1.1581,41.2392],[1.1535,41.2321],[1.1568,41.2303],[1.1728,41.2233],[1.1746,41.2256],[1.1808,41.2234],[1.1875,41.2322],[1.196,41.2237],[1.203,41.2283],[1.2168,41.2162],[1.2245,41.2143],[1.2327,41.2173],[1.2338,41.2039],[1.246,41.204],[1.259,41.1996],[1.2605,41.2012],[1.253,41.2131],[1.2423,41.2214],[1.2469,41.2261],[1.2615,41.2233],[1.2696,41.2336],[1.2844,41.2342],[1.296,41.2387],[1.3134,41.2308],[1.3178,41.2237],[1.3252,41.2194],[1.336,41.2207],[1.3398,41.2141],[1.3482,41.2221],[1.352,41.2206],[1.3535,41.2247],[1.3479,41.2296],[1.3415,41.2289],[1.3339,41.2372],[1.3507,41.2382],[1.3508,41.2405],[1.3471,41.2414],[1.3575,41.2547],[1.3663,41.2508],[1.3676,41.2456],[1.3715,41.2429],[1.3983,41.2392],[1.4132,41.2412],[1.4151,41.2453],[1.4209,41.2486],[1.4351,41.2513],[1.4344,41.255],[1.4188,41.2629],[1.4,41.2635],[1.4028,41.2709],[1.4103,41.2749],[1.4395,41.2723],[1.434,41.281],[1.436,41.2861],[1.4138,41.2877],[1.399,41.2923],[1.4241,41.3047],[1.4255,41.3082],[1.4147,41.3174],[1.4036,41.3213],[1.4021,41.325],[1.4272,41.3361],[1.4628,41.3562],[1.4937,41.3553],[1.5044,41.3616],[1.5125,41.3592],[1.5281,41.369],[1.537,41.3853],[1.5186,41.3889],[1.5097,41.3942],[1.4955,41.3897],[1.4842,41.3817],[1.4732,41.3803],[1.4799,41.3871],[1.4821,41.3981],[1.4902,41.4017],[1.4822,41.4222],[1.4775,41.4234],[1.476,41.4293],[1.4785,41.4331],[1.4844,41.4318],[1.496,41.4357],[1.4753,41.4366],[1.4686,41.4437],[1.4797,41.4532]]]}},{"type":"Feature","properties":{"n":"Alt Empordà"},"geometry":{"type":"Polygon","coordinates":[[[3.1662,42.1137],[3.1665,42.1139],[3.1663,42.1141],[3.1662,42.1137]],[[3.1316,42.1286],[3.1318,42.1288],[3.1313,42.1289],[3.1316,42.1286]],[[3.1232,42.1359],[3.1238,42.1357],[3.1237,42.1361],[3.1232,42.1359]],[[3.2633,42.2373],[3.2643,42.2373],[3.2644,42.2373],[3.2633,42.2373]],[[3.203,42.2399],[3.2033,42.2402],[3.2027,42.2402],[3.203,42.2399]],[[3.2033,42.2408],[3.2035,42.2403],[3.2036,42.2409],[3.2033,42.2408]],[[3.1977,42.2427],[3.1986,42.2429],[3.1982,42.2431],[3.1977,42.2427]],[[3.2831,42.2601],[3.2836,42.2603],[3.2831,42.2602],[3.2831,42.2601]],[[3.2833,42.2738],[3.2838,42.2738],[3.2837,42.2739],[3.2833,42.2738]],[[3.2911,42.2796],[3.2916,42.2795],[3.2915,42.2798],[3.2911,42.2796]],[[3.2918,42.2812],[3.2936,42.2815],[3.292,42.2824],[3.2918,42.2812]],[[3.279,42.282],[3.2794,42.2824],[3.2785,42.2825],[3.279,42.282]],[[3.297,42.289],[3.297,42.2896],[3.2967,42.2893],[3.297,42.289]],[[3.2964,42.2914],[3.2972,42.2914],[3.2972,42.2915],[3.2964,42.2914]],[[3.3084,42.2916],[3.3093,42.2914],[3.3082,42.2924],[3.3084,42.2916]],[[3.3093,42.2917],[3.3097,42.2918],[3.3089,42.2925],[3.3093,42.2917]],[[3.2969,42.2933],[3.2971,42.2934],[3.2968,42.2936],[3.2969,42.2933]],[[3.2932,42.2926],[3.2963,42.2914],[3.2968,42.2934],[3.2947,42.2942],[3.2932,42.2926]],[[3.2966,42.2939],[3.2961,42.2951],[3.2954,42.2954],[3.2966,42.2939]],[[3.3008,42.3052],[3.301,42.3054],[3.3007,42.3055],[3.3008,42.3052]],[[3.3096,42.3125],[3.31,42.3127],[3.3095,42.3128],[3.3096,42.3125]],[[3.3221,42.3186],[3.3222,42.3188],[3.3217,42.3187],[3.3221,42.3186]],[[3.3315,42.3202],[3.3322,42.3192],[3.3325,42.32],[3.3315,42.3202]],[[3.3235,42.322],[3.3241,42.3221],[3.3241,42.3223],[3.3235,42.322]],[[3.3244,42.3213],[3.3182,42.3244],[3.322,42.3213],[3.3244,42.3213]],[[3.2987,42.3274],[3.2988,42.3276],[3.2985,42.3275],[3.2987,42.3274]],[[3.3053,42.3271],[3.3051,42.3282],[3.304,42.3274],[3.3053,42.3271]],[[3.2987,42.3284],[3.2981,42.3281],[3.2987,42.3283],[3.2987,42.3284]],[[3.286,42.3323],[3.2871,42.3328],[3.2858,42.3335],[3.286,42.3323]],[[3.2604,42.3365],[3.2608,42.3366],[3.2603,42.3367],[3.2604,42.3365]],[[3.2775,42.3373],[3.2777,42.3375],[3.2772,42.3375],[3.2775,42.3373]],[[3.2404,42.3374],[3.2413,42.3374],[3.2406,42.3377],[3.2404,42.3374]],[[3.2707,42.3387],[3.2712,42.3386],[3.2712,42.3386],[3.2707,42.3387]],[[3.2404,42.339],[3.2405,42.3394],[3.2401,42.339],[3.2404,42.339]],[[3.2433,42.3393],[3.2423,42.3401],[3.2418,42.3398],[3.2433,42.3393]],[[3.2182,42.3501],[3.2179,42.3503],[3.2177,42.3502],[3.2182,42.3501]],[[3.1782,42.3531],[3.1786,42.3532],[3.1785,42.3533],[3.1782,42.3531]],[[3.1824,42.3529],[3.1833,42.3534],[3.1829,42.3537],[3.1824,42.3529]],[[3.1757,42.3547],[3.1759,42.3545],[3.1763,42.3547],[3.1757,42.3547]],[[3.1653,42.3618],[3.1649,42.3624],[3.1647,42.3625],[3.1653,42.3618]],[[3.1672,42.3674],[3.1675,42.3675],[3.1671,42.3675],[3.1672,42.3674]],[[3.1652,42.3725],[3.1656,42.3727],[3.1656,42.3728],[3.1652,42.3725]],[[3.1592,42.3833],[3.1593,42.3837],[3.159,42.3836],[3.1592,42.3833]],[[3.163,42.3848],[3.1633,42.3848],[3.1631,42.3851],[3.163,42.3848]],[[3.1649,42.4001],[3.1652,42.4],[3.1653,42.4001],[3.1649,42.4001]],[[3.1652,42.4016],[3.1664,42.4014],[3.1658,42.4019],[3.1652,42.4016]],[[3.1647,42.4109],[3.1655,42.411],[3.1656,42.4113],[3.1647,42.4109]],[[2.9673,42.4655],[2.9571,42.4755],[2.9465,42.481],[2.9319,42.4742],[2.9245,42.4585],[2.9175,42.4563],[2.905,42.4569],[2.8915,42.462],[2.8822,42.4605],[2.8705,42.4674],[2.8644,42.4644],[2.8616,42.455],[2.8568,42.4541],[2.8391,42.4594],[2.8327,42.4527],[2.8335,42.4482],[2.8277,42.4396],[2.8184,42.4405],[2.8052,42.432],[2.8009,42.4239],[2.8008,42.4185],[2.785,42.4173],[2.7703,42.4118],[2.7527,42.4263],[2.7171,42.4215],[2.6945,42.4076],[2.6803,42.4066],[2.672,42.4034],[2.6734,42.3996],[2.6714,42.3882],[2.6657,42.3856],[2.6519,42.3889],[2.6514,42.3858],[2.6612,42.3773],[2.6609,42.366],[2.6749,42.3571],[2.6755,42.3424],[2.6698,42.3405],[2.6331,42.3458],[2.6184,42.3455],[2.5854,42.3572],[2.5663,42.3581],[2.5619,42.3611],[2.5617,42.3559],[2.554,42.3532],[2.5524,42.3434],[2.5422,42.3343],[2.5623,42.3183],[2.5787,42.3226],[2.5807,42.3263],[2.5918,42.3279],[2.614,42.3186],[2.6129,42.317],[2.6184,42.3081],[2.6308,42.3128],[2.6317,42.305],[2.6279,42.296],[2.6448,42.2977],[2.6568,42.2962],[2.6658,42.2817],[2.6648,42.2711],[2.6615,42.27],[2.6617,42.2654],[2.6705,42.2614],[2.6726,42.2569],[2.6769,42.2602],[2.6723,42.2625],[2.6903,42.2627],[2.6767,42.2707],[2.6961,42.2739],[2.7088,42.267],[2.7063,42.2596],[2.7025,42.2587],[2.7023,42.2495],[2.7182,42.2508],[2.7233,42.2471],[2.7272,42.2502],[2.7305,42.2639],[2.7715,42.2522],[2.7685,42.2384],[2.7782,42.2272],[2.7759,42.2239],[2.7767,42.2171],[2.7848,42.2051],[2.7828,42.2013],[2.7862,42.1988],[2.7986,42.1987],[2.8064,42.2021],[2.8199,42.1989],[2.8349,42.202],[2.8332,42.1999],[2.8335,42.1893],[2.8279,42.183],[2.8333,42.1792],[2.8492,42.1803],[2.8592,42.1903],[2.8637,42.2009],[2.8771,42.1958],[2.8789,42.1915],[2.8761,42.1835],[2.8921,42.1788],[2.8972,42.1664],[2.8984,42.1622],[2.8884,42.154],[2.8885,42.1499],[2.8939,42.1483],[2.9012,42.1388],[2.8985,42.121],[2.9043,42.1106],[2.9134,42.1105],[2.9161,42.114],[2.9263,42.1168],[2.9315,42.1137],[2.9402,42.1161],[2.9543,42.1121],[2.9752,42.1151],[2.995,42.1233],[2.9956,42.1295],[2.9988,42.1302],[2.9955,42.1343],[2.9994,42.1349],[3.0014,42.1397],[3.0042,42.1405],[3.0166,42.1284],[3.033,42.124],[3.0451,42.1111],[3.0501,42.1097],[3.0499,42.1125],[3.0666,42.1186],[3.0773,42.1183],[3.0886,42.1213],[3.0948,42.1266],[3.0994,42.1185],[3.1076,42.1168],[3.106,42.1122],[3.1084,42.1029],[3.1281,42.1084],[3.1321,42.0983],[3.1537,42.1044],[3.1615,42.1089],[3.1746,42.1073],[3.1765,42.1108],[3.1713,42.1144],[3.1648,42.1131],[3.1498,42.1211],[3.145,42.1189],[3.149,42.117],[3.1381,42.1157],[3.1365,42.1261],[3.1339,42.1279],[3.1256,42.127],[3.1224,42.1314],[3.1142,42.1548],[3.111,42.1889],[3.1126,42.2093],[3.1216,42.2309],[3.135,42.2456],[3.1334,42.2473],[3.1364,42.2457],[3.1356,42.2483],[3.1472,42.2573],[3.1509,42.2592],[3.151,42.2574],[3.1513,42.2599],[3.1663,42.2647],[3.1737,42.2632],[3.1744,42.2612],[3.1715,42.2599],[3.1759,42.261],[3.1791,42.2588],[3.1758,42.2569],[3.1752,42.2551],[3.1756,42.2541],[3.1762,42.2571],[3.1806,42.2579],[3.1766,42.2554],[3.1789,42.2525],[3.1784,42.2554],[3.1811,42.2558],[3.1811,42.2521],[3.1778,42.2511],[3.1816,42.251],[3.1822,42.2455],[3.1966,42.2471],[3.2003,42.2422],[3.2086,42.2399],[3.2073,42.2374],[3.2125,42.2368],[3.2179,42.2324],[3.2205,42.2366],[3.2264,42.2377],[3.2249,42.2399],[3.2289,42.2404],[3.2258,42.2435],[3.2306,42.2449],[3.2269,42.249],[3.2294,42.2516],[3.2376,42.2475],[3.2391,42.251],[3.2439,42.2497],[3.2492,42.2408],[3.2626,42.2372],[3.2666,42.2429],[3.254,42.2443],[3.2526,42.2464],[3.2563,42.2489],[3.2536,42.2526],[3.2614,42.251],[3.2666,42.2537],[3.2816,42.2539],[3.281,42.2576],[3.2828,42.259],[3.2829,42.2601],[3.2878,42.2659],[3.2873,42.271],[3.2831,42.2701],[3.283,42.2733],[3.2767,42.28],[3.2808,42.2804],[3.2755,42.2839],[3.2766,42.2874],[3.2809,42.2885],[3.2878,42.2849],[3.2876,42.2825],[3.2969,42.2835],[3.296,42.2858],[3.2993,42.2846],[3.2958,42.2899],[3.2904,42.2922],[3.2908,42.2895],[3.2862,42.2932],[3.2916,42.2949],[3.2885,42.2974],[3.293,42.3017],[3.2865,42.3036],[3.2899,42.3043],[3.2909,42.3071],[3.3003,42.3045],[3.2982,42.3068],[3.3025,42.308],[3.3027,42.3112],[3.3062,42.3133],[3.3061,42.3108],[3.3076,42.3107],[3.3076,42.3141],[3.3127,42.313],[3.3114,42.3176],[3.3182,42.3145],[3.3152,42.3176],[3.3199,42.3167],[3.3222,42.3195],[3.3118,42.3247],[3.311,42.3202],[3.3072,42.3224],[3.308,42.3266],[3.3011,42.3262],[3.2973,42.3277],[3.2948,42.3294],[3.2923,42.3295],[3.293,42.3267],[3.2891,42.3294],[3.2858,42.3257],[3.2857,42.3314],[3.2776,42.3326],[3.2803,42.3362],[3.2705,42.3384],[3.2677,42.3404],[3.2614,42.3401],[3.2633,42.3367],[3.2612,42.3377],[3.2626,42.3345],[3.2601,42.3333],[3.2562,42.3353],[3.2535,42.3333],[3.2506,42.3358],[3.2498,42.3297],[3.2465,42.3364],[3.2409,42.3357],[3.2368,42.3435],[3.2382,42.3489],[3.2287,42.3515],[3.2226,42.3482],[3.2155,42.3495],[3.2102,42.3439],[3.2034,42.3471],[3.2003,42.3407],[3.2025,42.3421],[3.2034,42.3372],[3.1965,42.335],[3.1855,42.3437],[3.1879,42.3518],[3.1843,42.3504],[3.1807,42.3533],[3.178,42.3529],[3.163,42.3603],[3.1633,42.3648],[3.1671,42.3688],[3.1646,42.3716],[3.1651,42.3743],[3.1626,42.3748],[3.1644,42.3741],[3.1639,42.3718],[3.1614,42.3726],[3.163,42.3738],[3.1611,42.373],[3.1621,42.3714],[3.1595,42.3716],[3.1586,42.3765],[3.155,42.3788],[3.1596,42.3851],[3.1628,42.3847],[3.1628,42.3862],[3.167,42.3896],[3.1631,42.3917],[3.1597,42.3889],[3.1527,42.3935],[3.1648,42.401],[3.1623,42.4045],[3.1573,42.4036],[3.156,42.4072],[3.1655,42.4114],[3.1649,42.4134],[3.1707,42.4166],[3.1689,42.4184],[3.1698,42.4249],[3.1606,42.4282],[3.175,42.435],[3.1481,42.434],[3.1215,42.4369],[3.1113,42.4353],[3.0989,42.4252],[3.0857,42.4256],[3.0693,42.438],[3.067,42.4426],[3.0585,42.4457],[3.0542,42.45],[3.0486,42.4561],[3.0405,42.4735],[3.0318,42.4749],[3.0123,42.4668],[2.9999,42.4733],[2.9888,42.474],[2.9824,42.4718],[2.9797,42.4674],[2.9673,42.4655]]]}},{"type":"Feature","properties":{"n":"Alt Penedès"},"geometry":{"type":"Polygon","coordinates":[[[1.6411,41.5067],[1.6146,41.5133],[1.6059,41.513],[1.6101,41.5094],[1.6105,41.5052],[1.6012,41.5041],[1.5994,41.5002],[1.6016,41.4956],[1.5842,41.4908],[1.5704,41.4804],[1.5706,41.4723],[1.5829,41.4623],[1.5914,41.4613],[1.5943,41.4513],[1.588,41.4482],[1.5722,41.4432],[1.5644,41.4506],[1.5538,41.451],[1.5514,41.4465],[1.5433,41.4453],[1.5425,41.442],[1.5365,41.445],[1.5332,41.4419],[1.5355,41.44],[1.5105,41.4349],[1.5026,41.4285],[1.496,41.4357],[1.4844,41.4318],[1.4785,41.4331],[1.4758,41.4285],[1.4775,41.4234],[1.4822,41.4222],[1.4902,41.4017],[1.4821,41.3981],[1.4799,41.3871],[1.4732,41.3803],[1.4842,41.3817],[1.4955,41.3897],[1.5097,41.3942],[1.5186,41.3889],[1.537,41.3853],[1.5459,41.3794],[1.5475,41.3721],[1.5512,41.3684],[1.5679,41.3693],[1.5706,41.3615],[1.5739,41.3634],[1.5782,41.3624],[1.5789,41.3564],[1.5667,41.3506],[1.5591,41.3433],[1.5663,41.3392],[1.575,41.315],[1.5783,41.3157],[1.5964,41.3085],[1.5886,41.2976],[1.5902,41.2936],[1.6009,41.2894],[1.6028,41.2866],[1.6118,41.2852],[1.6166,41.2933],[1.6315,41.2989],[1.6367,41.2961],[1.6274,41.2941],[1.6293,41.2834],[1.6223,41.2783],[1.6275,41.2697],[1.6232,41.2671],[1.6222,41.2547],[1.6199,41.2535],[1.6061,41.2499],[1.5906,41.258],[1.5701,41.2607],[1.5754,41.2554],[1.5787,41.2414],[1.5832,41.236],[1.5934,41.2337],[1.6022,41.2348],[1.6215,41.2236],[1.6311,41.2245],[1.6332,41.231],[1.6404,41.236],[1.6692,41.2462],[1.6726,41.2557],[1.6906,41.2718],[1.6932,41.2804],[1.703,41.2906],[1.7002,41.2955],[1.7028,41.2995],[1.7216,41.3014],[1.7385,41.2958],[1.743,41.2969],[1.746,41.3003],[1.7567,41.3041],[1.7641,41.3145],[1.7634,41.321],[1.7773,41.3289],[1.792,41.3232],[1.8054,41.3243],[1.8163,41.3211],[1.8321,41.3205],[1.8406,41.3154],[1.8517,41.3192],[1.8618,41.3342],[1.8713,41.3385],[1.8705,41.3431],[1.883,41.3445],[1.8984,41.3548],[1.8901,41.3628],[1.8902,41.3684],[1.8872,41.372],[1.8709,41.3804],[1.8693,41.3873],[1.8767,41.3896],[1.8758,41.3989],[1.8792,41.4053],[1.885,41.4081],[1.8812,41.4116],[1.8823,41.4142],[1.8888,41.4189],[1.8875,41.423],[1.8913,41.43],[1.8949,41.4301],[1.8969,41.4327],[1.8728,41.4602],[1.8728,41.4734],[1.8701,41.4781],[1.8544,41.4851],[1.842,41.4937],[1.8318,41.4957],[1.8245,41.4837],[1.8096,41.4807],[1.8066,41.4735],[1.793,41.4763],[1.7925,41.4737],[1.7979,41.4666],[1.7877,41.467],[1.7747,41.4634],[1.7764,41.4508],[1.7691,41.4456],[1.7489,41.4534],[1.7514,41.4576],[1.7117,41.4677],[1.7023,41.4742],[1.6904,41.4881],[1.68,41.5071],[1.6681,41.5088],[1.6653,41.5067],[1.6411,41.5067]],[[1.6355,41.3096],[1.6293,41.3105],[1.6338,41.3133],[1.6424,41.3129],[1.6355,41.3096]]]}},{"type":"Feature","properties":{"n":"Alt Urgell"},"geometry":{"type":"Polygon","coordinates":[[[1.3197,41.9823],[1.3223,41.9862],[1.3214,41.9903],[1.3137,41.9894],[1.3146,41.9837],[1.3197,41.9823]],[[1.4526,42.538],[1.4388,42.5435],[1.4136,42.5354],[1.4075,42.5274],[1.3944,42.5264],[1.3904,42.5196],[1.3836,42.5146],[1.3768,42.514],[1.363,42.5188],[1.3655,42.5108],[1.3633,42.504],[1.3646,42.4935],[1.3567,42.4824],[1.3455,42.4813],[1.3403,42.4673],[1.3203,42.4454],[1.3047,42.4495],[1.2943,42.4494],[1.2717,42.4426],[1.2562,42.4524],[1.2523,42.4415],[1.2582,42.4325],[1.2616,42.4198],[1.2529,42.4192],[1.2447,42.4154],[1.2452,42.3847],[1.2369,42.3734],[1.2363,42.3694],[1.2307,42.3689],[1.1883,42.3489],[1.1834,42.3372],[1.1719,42.3288],[1.1748,42.3276],[1.1639,42.3154],[1.1654,42.3093],[1.1448,42.3065],[1.1344,42.3074],[1.1289,42.2998],[1.1225,42.2956],[1.138,42.2904],[1.1573,42.2785],[1.1582,42.2707],[1.1535,42.2669],[1.151,42.258],[1.1584,42.2465],[1.1402,42.2383],[1.1392,42.2359],[1.1425,42.2288],[1.1538,42.2203],[1.165,42.2191],[1.1682,42.2154],[1.167,42.1999],[1.1605,42.19],[1.1816,42.1815],[1.1865,42.1757],[1.1864,42.1714],[1.1737,42.1536],[1.1605,42.1508],[1.1615,42.1415],[1.1557,42.1356],[1.1574,42.1229],[1.1661,42.123],[1.1676,42.1188],[1.1624,42.1032],[1.1667,42.0823],[1.2,42.09],[1.2027,42.0837],[1.2108,42.0766],[1.2145,42.0794],[1.221,42.0796],[1.2234,42.0758],[1.2214,42.0719],[1.2366,42.0651],[1.2367,42.0606],[1.242,42.0529],[1.2355,42.0477],[1.236,42.0423],[1.241,42.0364],[1.2366,42.0202],[1.2526,42.0055],[1.2609,42.0034],[1.2635,41.9988],[1.2581,41.9891],[1.257,41.9817],[1.258,41.9765],[1.2625,41.9749],[1.2623,41.9727],[1.2527,41.9445],[1.2486,41.9394],[1.26,41.9425],[1.2856,41.9585],[1.2879,41.9565],[1.2909,41.9579],[1.2988,41.9805],[1.3098,41.9882],[1.3048,41.9919],[1.307,41.9941],[1.3328,41.9909],[1.3533,41.9948],[1.3626,42.0],[1.3631,42.0042],[1.3578,42.0102],[1.3583,42.0194],[1.3556,42.0226],[1.3604,42.0301],[1.3584,42.0395],[1.3641,42.0429],[1.3595,42.047],[1.3578,42.0775],[1.3498,42.073],[1.3391,42.0775],[1.3346,42.077],[1.3235,42.0949],[1.3268,42.1151],[1.3426,42.1202],[1.3536,42.1281],[1.362,42.13],[1.3666,42.1393],[1.3648,42.1421],[1.3614,42.1418],[1.3576,42.148],[1.3785,42.1548],[1.3962,42.1506],[1.4047,42.1554],[1.4244,42.1601],[1.4317,42.1587],[1.4349,42.1538],[1.4461,42.1461],[1.4517,42.1472],[1.4741,42.1571],[1.5204,42.1844],[1.5279,42.192],[1.5277,42.2044],[1.5528,42.21],[1.5955,42.2005],[1.6138,42.201],[1.6102,42.2127],[1.6255,42.2325],[1.627,42.2391],[1.6386,42.2474],[1.6585,42.2534],[1.6846,42.2564],[1.6854,42.2603],[1.6943,42.264],[1.6901,42.2771],[1.6837,42.276],[1.6704,42.2815],[1.6656,42.2798],[1.6515,42.2864],[1.655,42.3324],[1.6589,42.3367],[1.65,42.3476],[1.6601,42.3616],[1.6529,42.3657],[1.6572,42.376],[1.6549,42.3841],[1.6484,42.3916],[1.646,42.3989],[1.6371,42.404],[1.6252,42.4062],[1.6202,42.4132],[1.6011,42.4245],[1.6031,42.4296],[1.5965,42.44],[1.5963,42.4443],[1.5776,42.45],[1.567,42.459],[1.5616,42.4582],[1.5562,42.4541],[1.5602,42.449],[1.5529,42.4434],[1.5532,42.4339],[1.5507,42.4324],[1.5395,42.433],[1.5116,42.4292],[1.4987,42.4331],[1.4552,42.4361],[1.4444,42.4414],[1.4426,42.4447],[1.4468,42.4438],[1.4462,42.4481],[1.4412,42.4555],[1.4475,42.4601],[1.4406,42.4661],[1.441,42.4755],[1.4333,42.4819],[1.419,42.4828],[1.4256,42.4932],[1.4433,42.4952],[1.468,42.5099],[1.4553,42.5284],[1.4526,42.538]]]}},{"type":"Feature","properties":{"n":"Alta Ribagorça"},"geometry":{"type":"Polygon","coordinates":[[[0.8942,42.6156],[0.8952,42.6261],[0.8871,42.6271],[0.8783,42.6319],[0.8756,42.6264],[0.8505,42.6171],[0.8398,42.6081],[0.8263,42.6053],[0.8177,42.6139],[0.807,42.6193],[0.7676,42.6116],[0.7608,42.5922],[0.7577,42.5694],[0.7513,42.5614],[0.7494,42.5533],[0.7413,42.5441],[0.7531,42.5338],[0.7389,42.5375],[0.7354,42.5409],[0.7291,42.5362],[0.7211,42.5244],[0.7238,42.5207],[0.7214,42.516],[0.741,42.5048],[0.7353,42.5041],[0.7134,42.4872],[0.7007,42.4954],[0.6977,42.4855],[0.6901,42.4865],[0.6945,42.4762],[0.709,42.4589],[0.7071,42.4488],[0.7142,42.4336],[0.7279,42.4246],[0.7346,42.4149],[0.7347,42.4079],[0.728,42.4078],[0.7265,42.4048],[0.7377,42.3984],[0.7456,42.3844],[0.7425,42.3789],[0.7348,42.3762],[0.734,42.3716],[0.7224,42.3687],[0.723,42.3654],[0.7465,42.3564],[0.7603,42.3571],[0.7619,42.3648],[0.7704,42.3747],[0.7788,42.3754],[0.7847,42.3715],[0.789,42.3718],[0.7899,42.3739],[0.7958,42.3656],[0.8088,42.3574],[0.7983,42.3525],[0.7953,42.3473],[0.7714,42.3464],[0.7666,42.3486],[0.7636,42.347],[0.7759,42.3409],[0.7711,42.3331],[0.7915,42.3275],[0.7999,42.3204],[0.8159,42.3147],[0.8471,42.3143],[0.8739,42.2987],[0.8866,42.3051],[0.8868,42.3189],[0.8917,42.335],[0.8728,42.3414],[0.8681,42.3608],[0.8621,42.3671],[0.8458,42.3699],[0.8396,42.3733],[0.8368,42.3788],[0.8224,42.3915],[0.8343,42.4035],[0.8223,42.4155],[0.8275,42.4193],[0.8291,42.4247],[0.8536,42.425],[0.8626,42.4301],[0.8704,42.4403],[0.8711,42.446],[0.8559,42.4547],[0.8624,42.4558],[0.8691,42.4611],[0.8805,42.4601],[0.8859,42.467],[0.8886,42.4753],[0.8944,42.4798],[0.9216,42.4851],[0.923,42.4899],[0.9197,42.4974],[0.9226,42.5083],[0.9296,42.5153],[0.9434,42.5191],[0.9453,42.5237],[0.957,42.5296],[0.9581,42.5322],[0.9546,42.5388],[0.9606,42.5421],[0.9661,42.5495],[0.9727,42.5517],[0.9693,42.5741],[0.9586,42.5796],[0.9428,42.581],[0.9347,42.591],[0.9187,42.5928],[0.912,42.6068],[0.896,42.6113],[0.8942,42.6156]]]}},{"type":"Feature","properties":{"n":"Anoia"},"geometry":{"type":"Polygon","coordinates":[[[1.4637,41.7981],[1.4274,41.802],[1.4166,41.7949],[1.4183,41.7925],[1.4214,41.7936],[1.4152,41.7761],[1.4106,41.775],[1.4089,41.7583],[1.4029,41.7456],[1.4206,41.7378],[1.4245,41.7327],[1.4192,41.7326],[1.4077,41.7226],[1.3825,41.7067],[1.4002,41.7043],[1.3958,41.6957],[1.4039,41.6945],[1.4042,41.6862],[1.4233,41.6841],[1.4193,41.6764],[1.4155,41.6747],[1.4241,41.6694],[1.4258,41.6618],[1.433,41.6515],[1.4443,41.6462],[1.4507,41.6464],[1.4508,41.6399],[1.4489,41.6367],[1.4437,41.6348],[1.4312,41.6341],[1.4306,41.6298],[1.4132,41.6353],[1.3915,41.6343],[1.3874,41.6314],[1.3863,41.6261],[1.3699,41.6214],[1.3696,41.6173],[1.3605,41.6136],[1.3688,41.6105],[1.3749,41.6118],[1.375,41.6075],[1.3936,41.5997],[1.4073,41.6003],[1.4078,41.5907],[1.4029,41.5864],[1.3957,41.5851],[1.3925,41.5752],[1.3951,41.5774],[1.4089,41.5759],[1.4152,41.5826],[1.4194,41.5829],[1.4474,41.5738],[1.454,41.5692],[1.44,41.5631],[1.4311,41.5556],[1.4348,41.5502],[1.4467,41.5525],[1.4492,41.5455],[1.4484,41.5371],[1.4363,41.5393],[1.4257,41.5321],[1.4062,41.5343],[1.4005,41.5288],[1.3975,41.5188],[1.3984,41.5142],[1.3957,41.5129],[1.4015,41.5124],[1.4035,41.5071],[1.4082,41.5046],[1.4139,41.5051],[1.4224,41.4997],[1.4374,41.4985],[1.4462,41.4951],[1.4544,41.4876],[1.4634,41.4876],[1.4668,41.4843],[1.4734,41.4861],[1.4756,41.482],[1.4746,41.4783],[1.483,41.4747],[1.4871,41.4684],[1.487,41.4645],[1.4803,41.4539],[1.4687,41.4442],[1.4753,41.4366],[1.496,41.4357],[1.5026,41.4285],[1.5105,41.4349],[1.5355,41.44],[1.5332,41.4419],[1.5365,41.445],[1.5425,41.442],[1.5433,41.4453],[1.5514,41.4465],[1.5538,41.451],[1.5644,41.4506],[1.5722,41.4432],[1.5943,41.4513],[1.5914,41.4613],[1.5829,41.4623],[1.5706,41.4723],[1.5704,41.4804],[1.5842,41.4908],[1.6016,41.4956],[1.5994,41.5002],[1.6012,41.5041],[1.6105,41.5052],[1.6101,41.5094],[1.6059,41.513],[1.6146,41.5133],[1.6411,41.5067],[1.6653,41.5067],[1.6681,41.5088],[1.68,41.5071],[1.6904,41.4881],[1.7023,41.4742],[1.7117,41.4677],[1.7514,41.4576],[1.7489,41.4534],[1.7691,41.4456],[1.7764,41.4508],[1.7747,41.4634],[1.7877,41.467],[1.7979,41.4666],[1.7925,41.4737],[1.793,41.4763],[1.8066,41.4735],[1.8096,41.4807],[1.8245,41.4837],[1.8318,41.4957],[1.843,41.4932],[1.8391,41.5007],[1.8426,41.5064],[1.8543,41.5077],[1.8552,41.5175],[1.8528,41.5208],[1.8418,41.5237],[1.8318,41.532],[1.8135,41.5557],[1.7989,41.5582],[1.7949,41.5615],[1.806,41.5717],[1.8128,41.6035],[1.7873,41.611],[1.7852,41.6172],[1.7896,41.6371],[1.7881,41.6403],[1.7849,41.6403],[1.7774,41.6467],[1.7798,41.6535],[1.7744,41.6546],[1.763,41.6458],[1.757,41.6441],[1.7284,41.646],[1.725,41.6386],[1.717,41.6356],[1.7018,41.6189],[1.6913,41.6223],[1.6811,41.6195],[1.665,41.6392],[1.6637,41.6443],[1.6687,41.6496],[1.6601,41.6555],[1.6524,41.6569],[1.6422,41.6541],[1.641,41.6463],[1.6377,41.6459],[1.6313,41.6535],[1.6275,41.6623],[1.6339,41.6642],[1.6345,41.667],[1.6255,41.6721],[1.6235,41.6741],[1.6251,41.6794],[1.6185,41.6822],[1.6185,41.6873],[1.6213,41.6902],[1.6185,41.6941],[1.6158,41.6959],[1.6028,41.6922],[1.601,41.6981],[1.5961,41.7008],[1.583,41.6979],[1.5636,41.7083],[1.551,41.7094],[1.5676,41.7205],[1.5804,41.7234],[1.5901,41.7228],[1.5995,41.7172],[1.6074,41.7166],[1.6086,41.7192],[1.6011,41.727],[1.6023,41.7309],[1.5874,41.7316],[1.5854,41.7334],[1.588,41.748],[1.5958,41.7565],[1.5929,41.7693],[1.5835,41.772],[1.5801,41.7777],[1.5726,41.7822],[1.5695,41.7781],[1.5632,41.7777],[1.5617,41.77],[1.5483,41.7704],[1.5448,41.7574],[1.534,41.7572],[1.5353,41.753],[1.5307,41.7526],[1.5278,41.7641],[1.5217,41.7669],[1.5195,41.7708],[1.5102,41.7716],[1.5048,41.7882],[1.4835,41.791],[1.4874,41.7774],[1.4788,41.7727],[1.4702,41.7714],[1.4665,41.7753],[1.4609,41.7765],[1.4692,41.7785],[1.4717,41.7826],[1.4713,41.8006],[1.4637,41.7981]]]}},{"type":"Feature","properties":{"n":"Bages"},"geometry":{"type":"Polygon","coordinates":[[[2.0015,41.9664],[1.9982,41.9704],[1.9856,41.9696],[1.9963,41.9611],[1.9786,41.9538],[1.975,41.9411],[1.9707,41.9369],[1.9753,41.9296],[1.9853,41.9242],[1.9837,41.9189],[1.9703,41.9199],[1.9549,41.9662],[1.9369,41.9655],[1.927,41.9599],[1.9223,41.9544],[1.8995,41.9432],[1.8962,41.9409],[1.8975,41.9385],[1.8876,41.9375],[1.8851,41.9351],[1.8827,41.9262],[1.8858,41.9162],[1.8837,41.906],[1.8711,41.9105],[1.8639,41.9165],[1.8483,41.9162],[1.8458,41.9076],[1.8499,41.9008],[1.8454,41.8981],[1.8407,41.9002],[1.8397,41.9025],[1.8424,41.9046],[1.8393,41.9097],[1.8325,41.9116],[1.8229,41.9209],[1.8097,41.9258],[1.8003,41.9193],[1.7876,41.9195],[1.7668,41.9115],[1.7626,41.9176],[1.7573,41.9188],[1.7345,41.9167],[1.7305,41.9184],[1.7335,41.9247],[1.7221,41.9294],[1.7162,41.9432],[1.6857,41.9374],[1.6781,41.9429],[1.6635,41.9622],[1.6489,41.9565],[1.6469,41.9526],[1.6501,41.9449],[1.6446,41.9439],[1.6424,41.9405],[1.6527,41.9287],[1.6513,41.9269],[1.6425,41.9289],[1.6372,41.9264],[1.6184,41.9117],[1.6155,41.9059],[1.6047,41.9014],[1.5986,41.9013],[1.586,41.8883],[1.583,41.8882],[1.5826,41.8928],[1.576,41.891],[1.5685,41.8798],[1.5831,41.8735],[1.6005,41.8837],[1.6165,41.8808],[1.6305,41.8584],[1.6267,41.8483],[1.6318,41.8436],[1.6191,41.8413],[1.6097,41.836],[1.6152,41.8302],[1.6117,41.818],[1.5929,41.8119],[1.5882,41.8045],[1.5936,41.8001],[1.5998,41.7888],[1.5933,41.7812],[1.5933,41.7778],[1.5813,41.7754],[1.5835,41.772],[1.5929,41.7693],[1.5958,41.7591],[1.588,41.748],[1.5854,41.7334],[1.5874,41.7316],[1.6023,41.7309],[1.6011,41.727],[1.6086,41.7192],[1.6071,41.7165],[1.5997,41.7171],[1.5901,41.7228],[1.5804,41.7234],[1.5676,41.7205],[1.551,41.7094],[1.5636,41.7083],[1.583,41.6979],[1.5961,41.7008],[1.601,41.6981],[1.6028,41.6922],[1.6158,41.6959],[1.6185,41.6941],[1.6213,41.6902],[1.6185,41.6873],[1.6185,41.6822],[1.6251,41.6794],[1.6235,41.6741],[1.6255,41.6721],[1.6345,41.667],[1.6339,41.6642],[1.6275,41.6623],[1.6313,41.6535],[1.6377,41.6459],[1.641,41.6463],[1.6422,41.6541],[1.6524,41.6569],[1.6601,41.6555],[1.6687,41.6496],[1.6637,41.6443],[1.665,41.6392],[1.6811,41.6195],[1.6913,41.6223],[1.7018,41.6189],[1.717,41.6356],[1.725,41.6386],[1.7284,41.646],[1.757,41.6441],[1.763,41.6458],[1.7744,41.6546],[1.7798,41.6535],[1.7774,41.6467],[1.7849,41.6403],[1.7881,41.6403],[1.7896,41.6371],[1.7852,41.6172],[1.7873,41.611],[1.8062,41.6046],[1.8115,41.6054],[1.8305,41.5914],[1.8633,41.5923],[1.8608,41.6096],[1.865,41.6183],[1.873,41.6127],[1.8928,41.617],[1.8889,41.6483],[1.8905,41.6529],[1.894,41.656],[1.901,41.6571],[1.9066,41.6642],[1.9199,41.6658],[1.9303,41.658],[1.9339,41.6632],[1.942,41.6563],[1.9401,41.6523],[1.9421,41.6489],[1.9611,41.6442],[1.9714,41.6488],[1.9829,41.6482],[1.9902,41.6544],[2.0088,41.6562],[2.0108,41.6667],[2.0046,41.6755],[2.0128,41.6807],[2.0091,41.6913],[2.0222,41.6986],[2.0206,41.7055],[2.0223,41.7083],[2.0178,41.7152],[2.0145,41.7274],[2.0103,41.7301],[2.0039,41.7289],[2.0018,41.7411],[1.9892,41.7499],[1.9792,41.7532],[1.9525,41.7468],[1.9282,41.7451],[1.9177,41.7575],[1.9175,41.77],[1.9112,41.7746],[1.9039,41.7742],[1.9344,41.7807],[1.9542,41.782],[1.9796,41.7926],[2.0275,41.8017],[2.0381,41.8059],[2.0333,41.8133],[2.0205,41.8234],[2.0117,41.8224],[2.0033,41.8328],[1.9772,41.8371],[1.9751,41.8407],[1.9758,41.8472],[1.981,41.8519],[1.9946,41.8585],[2.0041,41.8672],[2.0159,41.8733],[2.0113,41.8789],[2.0014,41.8829],[2.0054,41.8849],[2.0141,41.8841],[2.0146,41.9001],[2.0103,41.9065],[2.0125,41.9121],[2.0221,41.911],[2.0336,41.9021],[2.0405,41.9027],[2.0449,41.8995],[2.0468,41.9055],[2.0457,41.9087],[2.0425,41.9079],[2.0357,41.9113],[2.0299,41.9318],[2.0259,41.9375],[2.0289,41.9488],[2.0271,41.9504],[2.0317,41.9601],[2.0181,41.9662],[2.0015,41.9664]],[[2.0135,41.9365],[2.011,41.9387],[2.0187,41.9445],[2.0192,41.9397],[2.0223,41.9379],[2.0135,41.9365]],[[1.7103,41.8973],[1.7142,41.892],[1.7197,41.8953],[1.725,41.8928],[1.7192,41.8827],[1.7065,41.8885],[1.7116,41.8895],[1.7079,41.895],[1.7103,41.8973]]]}},{"type":"Feature","properties":{"n":"Baix Camp"},"geometry":{"type":"Polygon","coordinates":[[[1.0364,41.0576],[1.037,41.0578],[1.0362,41.0577],[1.0364,41.0576]],[[1.0414,41.0596],[1.042,41.0597],[1.042,41.0598],[1.0414,41.0596]],[[1.1129,41.0704],[1.1141,41.0706],[1.1142,41.0707],[1.1129,41.0704]],[[1.0053,41.3256],[1.0019,41.3297],[1.0049,41.3461],[0.9988,41.3523],[0.9943,41.3526],[0.9853,41.3454],[0.9765,41.329],[0.9638,41.3262],[0.9526,41.3169],[0.9355,41.3205],[0.9438,41.3048],[0.9395,41.2966],[0.9449,41.2897],[0.9603,41.2995],[0.9731,41.2945],[0.9693,41.275],[0.9761,41.2644],[0.9753,41.2601],[0.9589,41.2557],[0.9428,41.2447],[0.9109,41.2387],[0.9106,41.2327],[0.9211,41.2133],[0.9226,41.2032],[0.9066,41.1944],[0.8796,41.1935],[0.8773,41.1881],[0.8794,41.1829],[0.9066,41.1795],[0.9016,41.1745],[0.906,41.1648],[0.8889,41.1364],[0.8898,41.1325],[0.885,41.1175],[0.8814,41.1138],[0.8777,41.1107],[0.8568,41.1107],[0.8323,41.1223],[0.8266,41.1197],[0.8305,41.1143],[0.8365,41.1138],[0.8388,41.1059],[0.8466,41.0966],[0.8614,41.0934],[0.8732,41.0838],[0.8713,41.0741],[0.8672,41.0741],[0.8693,41.0847],[0.8636,41.0866],[0.8597,41.085],[0.8536,41.0789],[0.8575,41.0615],[0.8525,41.0564],[0.8355,41.0526],[0.8149,41.0618],[0.7982,41.0416],[0.7829,41.031],[0.7843,41.017],[0.7747,40.9972],[0.7762,40.9926],[0.7821,40.9893],[0.7927,40.9726],[0.7987,40.9686],[0.8034,40.953],[0.8208,40.9423],[0.8188,40.9407],[0.8573,40.9353],[0.862,40.9469],[0.8753,40.952],[0.8807,40.9598],[0.9154,40.9875],[0.9214,40.9889],[0.9238,40.9875],[0.9224,40.9864],[0.9293,40.9901],[0.9304,40.9885],[0.9272,40.9871],[0.9309,40.9884],[0.9423,41.0078],[0.9636,41.0263],[0.986,41.0406],[1.0038,41.0433],[1.0155,41.051],[1.0225,41.0518],[1.0367,41.0587],[1.039,41.0579],[1.0401,41.0601],[1.0463,41.0631],[1.062,41.0625],[1.0588,41.0645],[1.0647,41.0653],[1.0606,41.06],[1.0682,41.0657],[1.0845,41.0638],[1.1178,41.0736],[1.0952,41.0911],[1.0939,41.1085],[1.1034,41.1138],[1.1129,41.107],[1.1121,41.1053],[1.1267,41.103],[1.1261,41.1176],[1.1236,41.1218],[1.1193,41.1218],[1.1201,41.1303],[1.1304,41.1307],[1.1523,41.1226],[1.1649,41.1087],[1.1766,41.1084],[1.1678,41.1169],[1.1743,41.1197],[1.1716,41.1294],[1.1689,41.1313],[1.167,41.1291],[1.1622,41.1331],[1.1651,41.1384],[1.1784,41.1381],[1.1779,41.136],[1.1716,41.1339],[1.1768,41.1303],[1.189,41.1282],[1.1912,41.1314],[1.1812,41.1366],[1.1772,41.1441],[1.1607,41.1501],[1.1438,41.1705],[1.1496,41.1723],[1.1544,41.1791],[1.1686,41.1882],[1.1813,41.2109],[1.1811,41.2139],[1.1774,41.2142],[1.1794,41.2216],[1.1535,41.2321],[1.1581,41.2392],[1.1435,41.2473],[1.1407,41.2583],[1.1185,41.2602],[1.104,41.257],[1.0995,41.266],[1.0884,41.264],[1.0531,41.2681],[1.0581,41.2733],[1.0574,41.2941],[1.0662,41.3047],[1.0539,41.3063],[1.0429,41.3183],[1.0641,41.3263],[1.0273,41.3261],[1.0189,41.3307],[1.0053,41.3256]]]}},{"type":"Feature","properties":{"n":"Baix Ebre"},"geometry":{"type":"Polygon","coordinates":[[[0.7707,40.7631],[0.7711,40.7633],[0.7705,40.7633],[0.7707,40.7631]],[[0.7581,40.763],[0.7581,40.7637],[0.758,40.7638],[0.7581,40.763]],[[0.7523,40.7634],[0.7504,40.7642],[0.7504,40.7637],[0.7523,40.7634]],[[0.7677,40.7644],[0.7679,40.7644],[0.7676,40.7648],[0.7677,40.7644]],[[0.7224,40.7783],[0.7228,40.7785],[0.7223,40.7786],[0.7224,40.7783]],[[0.7343,40.7858],[0.7349,40.7859],[0.7338,40.7861],[0.7343,40.7858]],[[0.734,40.787],[0.7345,40.7871],[0.7337,40.7875],[0.734,40.787]],[[0.7309,40.7866],[0.7313,40.7892],[0.7289,40.7878],[0.7309,40.7866]],[[0.569,40.9985],[0.5735,41.0004],[0.5636,41.0071],[0.5591,41.0149],[0.5424,41.0074],[0.5354,41.0011],[0.5067,40.995],[0.5025,40.9887],[0.4864,40.9772],[0.4546,40.9783],[0.4449,40.9641],[0.3949,40.9543],[0.3874,40.9449],[0.3707,40.9427],[0.3671,40.9335],[0.3685,40.9204],[0.3635,40.9081],[0.3662,40.9007],[0.3643,40.8982],[0.369,40.891],[0.3662,40.8856],[0.3604,40.8831],[0.3621,40.8803],[0.339,40.8584],[0.3297,40.8466],[0.3144,40.8416],[0.3055,40.8353],[0.2922,40.8159],[0.2729,40.8187],[0.2658,40.8134],[0.2588,40.8002],[0.2506,40.7985],[0.245,40.792],[0.2341,40.787],[0.2331,40.7794],[0.2506,40.7822],[0.2717,40.7803],[0.2774,40.7731],[0.2702,40.7692],[0.2707,40.7676],[0.2782,40.7653],[0.2866,40.7687],[0.2901,40.752],[0.3117,40.7455],[0.3225,40.7517],[0.3264,40.7517],[0.3306,40.7605],[0.3431,40.7577],[0.3843,40.7628],[0.3841,40.7578],[0.4112,40.7413],[0.441,40.7363],[0.4559,40.7384],[0.5045,40.7388],[0.5369,40.7481],[0.5517,40.7442],[0.5614,40.7518],[0.5684,40.7468],[0.5799,40.7157],[0.5937,40.7088],[0.6118,40.7058],[0.6618,40.7196],[0.6742,40.7211],[0.6877,40.7134],[0.7058,40.7146],[0.7374,40.7098],[0.7535,40.7098],[0.7627,40.703],[0.7785,40.6963],[0.7934,40.6943],[0.8026,40.6969],[0.8183,40.7071],[0.842,40.7154],[0.8742,40.7194],[0.8718,40.7305],[0.8663,40.7303],[0.8615,40.7372],[0.8516,40.7349],[0.8453,40.7312],[0.8555,40.7347],[0.8596,40.734],[0.8452,40.7307],[0.8355,40.7312],[0.8268,40.7349],[0.7961,40.7634],[0.7785,40.7843],[0.7683,40.7914],[0.746,40.7938],[0.7298,40.7911],[0.7258,40.7893],[0.7252,40.7881],[0.7358,40.7912],[0.7326,40.789],[0.7678,40.7787],[0.7829,40.773],[0.7846,40.7703],[0.7826,40.768],[0.781,40.7701],[0.7813,40.7682],[0.7771,40.7688],[0.7782,40.7665],[0.7757,40.7675],[0.7724,40.7639],[0.7694,40.7624],[0.7622,40.7619],[0.7553,40.7629],[0.7546,40.7645],[0.7524,40.7637],[0.7542,40.763],[0.7503,40.7636],[0.7496,40.7644],[0.7402,40.7662],[0.7399,40.7675],[0.7391,40.7684],[0.7396,40.7665],[0.7378,40.7666],[0.7386,40.7684],[0.7374,40.7666],[0.729,40.7702],[0.7218,40.7786],[0.7069,40.7889],[0.6996,40.8007],[0.7067,40.81],[0.7115,40.8121],[0.7097,40.8082],[0.7107,40.8075],[0.7131,40.8119],[0.7321,40.8185],[0.735,40.8238],[0.7413,40.8234],[0.7448,40.8383],[0.7493,40.8409],[0.7487,40.843],[0.752,40.8463],[0.7626,40.8465],[0.7702,40.8579],[0.7918,40.8664],[0.7958,40.8714],[0.795,40.8743],[0.8019,40.8791],[0.802,40.8826],[0.805,40.883],[0.8036,40.8808],[0.8029,40.8774],[0.8074,40.8871],[0.8169,40.892],[0.8268,40.9033],[0.827,40.9083],[0.8338,40.9117],[0.8325,40.9129],[0.8354,40.9149],[0.8336,40.916],[0.8363,40.9151],[0.8357,40.9135],[0.8367,40.9148],[0.8374,40.9191],[0.8515,40.9296],[0.8508,40.9262],[0.852,40.9314],[0.8573,40.9353],[0.8256,40.9413],[0.7502,40.9324],[0.7395,40.939],[0.6986,40.9442],[0.6828,40.9406],[0.6793,40.9448],[0.6714,40.9457],[0.655,40.9436],[0.649,40.94],[0.6114,40.9303],[0.6024,40.9347],[0.5995,40.9404],[0.5872,40.9408],[0.5929,40.9507],[0.5885,40.9562],[0.5835,40.9576],[0.5841,40.963],[0.581,40.9663],[0.5837,40.9755],[0.5748,40.9769],[0.5734,40.9801],[0.5652,40.9849],[0.5655,40.9892],[0.5728,40.9917],[0.5763,40.9957],[0.569,40.9985]]]}},{"type":"Feature","properties":{"n":"Baix Empordà"},"geometry":{"type":"Polygon","coordinates":[[[2.9815,41.7574],[2.982,41.7574],[2.982,41.7576],[2.9815,41.7574]],[[2.9809,41.7578],[2.9809,41.7581],[2.9807,41.7578],[2.9809,41.7578]],[[3.032,41.7718],[3.0326,41.7722],[3.0325,41.7726],[3.032,41.7718]],[[3.0467,41.7833],[3.0472,41.7833],[3.0473,41.7834],[3.0467,41.7833]],[[3.0566,41.7868],[3.0569,41.7869],[3.0563,41.787],[3.0566,41.7868]],[[3.0566,41.7871],[3.0562,41.7874],[3.0557,41.7871],[3.0566,41.7871]],[[3.0593,41.792],[3.0595,41.7918],[3.0597,41.792],[3.0593,41.792]],[[3.0587,41.804],[3.0588,41.8043],[3.0575,41.8045],[3.0587,41.804]],[[3.0808,41.824],[3.0815,41.824],[3.0809,41.8242],[3.0808,41.824]],[[3.1872,41.8626],[3.1874,41.863],[3.187,41.8628],[3.1872,41.8626]],[[3.1788,41.8675],[3.1794,41.8673],[3.1794,41.8673],[3.1788,41.8675]],[[3.1785,41.8678],[3.1791,41.8677],[3.179,41.8683],[3.1785,41.8678]],[[3.178,41.8708],[3.1784,41.8709],[3.1784,41.8711],[3.178,41.8708]],[[3.2179,41.9221],[3.2195,41.9216],[3.22,41.9222],[3.2179,41.9221]],[[3.2173,41.9242],[3.2177,41.9241],[3.2182,41.9243],[3.2173,41.9242]],[[3.2177,41.925],[3.218,41.9248],[3.2183,41.9249],[3.2177,41.925]],[[3.2179,41.9377],[3.2182,41.9382],[3.2177,41.9379],[3.2179,41.9377]],[[3.228,42.0417],[3.2288,42.0418],[3.228,42.0419],[3.228,42.0417]],[[3.2269,42.0419],[3.2277,42.0421],[3.2273,42.0423],[3.2269,42.0419]],[[3.2273,42.0441],[3.2243,42.0444],[3.2239,42.0436],[3.2252,42.0426],[3.2273,42.0441]],[[3.2259,42.0489],[3.2242,42.0499],[3.219,42.0481],[3.2229,42.0449],[3.2259,42.0489]],[[3.2103,42.0628],[3.2107,42.0629],[3.2101,42.0629],[3.2103,42.0628]],[[3.2049,42.0737],[3.2057,42.0741],[3.2048,42.0744],[3.2049,42.0737]],[[3.1973,42.0848],[3.1981,42.0845],[3.1976,42.085],[3.1973,42.0848]],[[3.0183,42.1273],[3.002,42.1401],[2.9994,42.1349],[2.9955,42.1343],[2.9988,42.1302],[2.9956,42.1295],[2.995,42.1233],[2.9752,42.1151],[2.9543,42.1121],[2.9529,42.1078],[2.9519,42.0978],[2.9648,42.0899],[2.9712,42.0746],[2.9781,42.073],[2.9768,42.0655],[2.9727,42.061],[2.9816,42.0452],[2.9794,42.036],[2.969,42.0346],[2.9637,42.0368],[2.953,42.0331],[2.9517,42.0057],[2.9577,41.9996],[2.9784,42.0002],[2.9872,41.9892],[2.9817,41.9837],[2.9755,41.9827],[2.9756,41.9781],[2.9497,41.973],[2.9451,41.9661],[2.9478,41.962],[2.9459,41.9552],[2.9491,41.9479],[2.9453,41.9455],[2.9457,41.9393],[2.9266,41.9378],[2.9138,41.93],[2.912,41.9344],[2.8979,41.9329],[2.9023,41.919],[2.8855,41.9094],[2.8956,41.9014],[2.906,41.9025],[2.9363,41.8979],[2.9464,41.8871],[2.9565,41.8847],[2.9419,41.8662],[2.9488,41.8634],[2.9619,41.8514],[2.9708,41.8283],[2.9659,41.8257],[2.9333,41.8278],[2.9302,41.8247],[2.9435,41.7895],[2.9558,41.7865],[2.9601,41.7741],[2.9501,41.7683],[2.961,41.7573],[2.9712,41.7531],[2.981,41.7596],[3.0028,41.7652],[3.0016,41.7668],[3.0104,41.7719],[3.026,41.774],[3.0281,41.7714],[3.0316,41.7715],[3.0302,41.7798],[3.0376,41.7801],[3.038,41.7783],[3.0343,41.777],[3.0437,41.7786],[3.0446,41.7816],[3.0482,41.782],[3.0465,41.783],[3.0456,41.7884],[3.0531,41.7908],[3.0557,41.7871],[3.0615,41.7951],[3.0611,41.7982],[3.0654,41.8009],[3.0631,41.8005],[3.0608,41.8036],[3.0586,41.8035],[3.0552,41.805],[3.062,41.8043],[3.0633,41.8014],[3.0666,41.8007],[3.065,41.8036],[3.0715,41.8192],[3.0835,41.8263],[3.0878,41.8317],[3.093,41.8323],[3.0935,41.8375],[3.1024,41.8451],[3.1139,41.8486],[3.1222,41.8482],[3.1272,41.8461],[3.1277,41.8454],[3.1238,41.8449],[3.1239,41.8446],[3.1282,41.843],[3.1201,41.8416],[3.1309,41.8417],[3.1358,41.8452],[3.1324,41.8463],[3.1369,41.8476],[3.1358,41.8441],[3.1378,41.8489],[3.1449,41.8497],[3.1453,41.8535],[3.1424,41.8557],[3.1439,41.8578],[3.1501,41.8586],[3.1506,41.8614],[3.1549,41.8625],[3.159,41.8596],[3.1779,41.8678],[3.177,41.8701],[3.1784,41.875],[3.1813,41.8765],[3.1783,41.8792],[3.1832,41.8817],[3.1825,41.8871],[3.1904,41.8881],[3.1943,41.8936],[3.2027,41.8916],[3.2054,41.9003],[3.2094,41.9021],[3.21,41.9049],[3.2068,41.908],[3.212,41.9092],[3.2073,41.9171],[3.2163,41.9183],[3.2158,41.9215],[3.2187,41.9226],[3.2164,41.9242],[3.2186,41.9272],[3.215,41.9291],[3.2205,41.9348],[3.2167,41.934],[3.2142,41.9363],[3.2178,41.9424],[3.2335,41.9504],[3.2294,41.955],[3.2336,41.9586],[3.2336,41.962],[3.2318,41.9595],[3.2272,41.9639],[3.2318,41.9659],[3.2311,41.9692],[3.2212,41.9743],[3.2105,41.9736],[3.211,41.9772],[3.1989,41.9984],[3.1943,42.0291],[3.1971,42.0449],[3.2004,42.051],[3.202,42.052],[3.2038,42.0508],[3.2053,42.0515],[3.2007,42.0533],[3.2075,42.0536],[3.2068,42.0507],[3.2121,42.0541],[3.2124,42.0596],[3.2145,42.0611],[3.21,42.0614],[3.209,42.0657],[3.2121,42.0687],[3.1986,42.0777],[3.1984,42.08],[3.202,42.0822],[3.1952,42.0834],[3.1884,42.0974],[3.1844,42.0992],[3.1817,42.1053],[3.1743,42.1026],[3.1694,42.1055],[3.1701,42.1084],[3.1615,42.1089],[3.1537,42.1044],[3.1321,42.0983],[3.1281,42.1084],[3.1084,42.1029],[3.106,42.1122],[3.1076,42.1168],[3.0994,42.1185],[3.0948,42.1266],[3.0886,42.1213],[3.0773,42.1183],[3.0666,42.1186],[3.0499,42.1125],[3.0501,42.1097],[3.0451,42.1111],[3.0332,42.1239],[3.0183,42.1273]]]}},{"type":"Feature","properties":{"n":"Baix Llobregat"},"geometry":{"type":"Polygon","coordinates":[[[1.8272,41.5923],[1.8128,41.6035],[1.806,41.5717],[1.7949,41.5615],[1.7989,41.5582],[1.8135,41.5557],[1.8318,41.532],[1.8418,41.5237],[1.8535,41.5199],[1.855,41.5087],[1.8516,41.5065],[1.8426,41.5064],[1.8391,41.5007],[1.8405,41.4977],[1.8477,41.4894],[1.8715,41.4771],[1.8728,41.4602],[1.8969,41.4334],[1.8949,41.4301],[1.8913,41.43],[1.8875,41.423],[1.8888,41.4189],[1.8823,41.4142],[1.8812,41.4116],[1.885,41.4081],[1.8792,41.4053],[1.8758,41.3989],[1.8767,41.3896],[1.8693,41.3873],[1.8709,41.3804],[1.8872,41.372],[1.8902,41.3684],[1.8901,41.3628],[1.8984,41.3548],[1.883,41.3445],[1.8705,41.3431],[1.871,41.3382],[1.8618,41.3342],[1.8519,41.3195],[1.8478,41.3193],[1.8502,41.3165],[1.8467,41.3064],[1.8552,41.2986],[1.8694,41.2963],[1.8727,41.2934],[1.8691,41.2813],[1.8714,41.2786],[1.8921,41.2825],[1.9022,41.2808],[1.9092,41.2831],[1.9149,41.289],[1.9235,41.2911],[1.9425,41.2803],[1.9374,41.275],[1.9445,41.2635],[2.0238,41.2661],[2.0747,41.2765],[2.1296,41.2974],[2.1361,41.2976],[2.1379,41.2931],[2.1371,41.3006],[2.1442,41.2957],[2.1517,41.2955],[2.1551,41.2975],[2.1667,41.3089],[2.1675,41.3119],[2.1654,41.3178],[2.1668,41.3098],[2.1552,41.298],[2.1526,41.2962],[2.1444,41.298],[2.1429,41.2995],[2.1451,41.3018],[2.1423,41.3042],[2.155,41.3152],[2.1529,41.3163],[2.1565,41.3199],[2.1566,41.3203],[2.1564,41.3206],[2.1522,41.323],[2.1499,41.3207],[2.1189,41.3227],[2.1048,41.3339],[2.0895,41.3413],[2.0921,41.3464],[2.0999,41.3519],[2.0868,41.3668],[2.0879,41.369],[2.094,41.3671],[2.0993,41.3687],[2.1033,41.379],[2.0978,41.394],[2.1038,41.404],[2.099,41.4089],[2.0841,41.4093],[2.0778,41.4029],[2.0728,41.4032],[2.07,41.407],[2.0786,41.415],[2.0705,41.4188],[2.0569,41.4103],[2.0546,41.4139],[2.0569,41.416],[2.0555,41.4223],[2.0577,41.4358],[2.0627,41.4396],[2.0636,41.4438],[2.0457,41.4447],[2.0329,41.4417],[2.0246,41.4499],[2.0236,41.4575],[2.0152,41.4588],[2.0105,41.4566],[1.9997,41.4602],[1.9941,41.4356],[1.9784,41.4492],[1.9733,41.4637],[1.9611,41.46],[1.9509,41.467],[1.9507,41.4718],[1.9452,41.4676],[1.934,41.4793],[1.9324,41.4855],[1.9227,41.4892],[1.9223,41.4954],[1.9302,41.4959],[1.9366,41.5091],[1.9512,41.5102],[1.9513,41.5229],[1.9361,41.5303],[1.9272,41.5527],[1.9191,41.5564],[1.9204,41.5711],[1.9092,41.5705],[1.8844,41.5791],[1.8912,41.5807],[1.8791,41.5894],[1.8633,41.5923],[1.8508,41.5907],[1.8272,41.5923]],[[2.1525,41.3164],[2.1505,41.3176],[2.1539,41.3219],[2.1565,41.3201],[2.1525,41.3164]]]}},{"type":"Feature","properties":{"n":"Baix Penedès"},"geometry":{"type":"Polygon","coordinates":[[[1.6421,41.193],[1.6448,41.1935],[1.6419,41.1931],[1.6421,41.193]],[[1.6363,41.3096],[1.6424,41.3129],[1.6338,41.3133],[1.6293,41.3105],[1.6363,41.3096]],[[1.5537,41.3681],[1.5475,41.3721],[1.5459,41.3794],[1.537,41.3853],[1.5281,41.369],[1.5125,41.3592],[1.5044,41.3616],[1.4937,41.3553],[1.4628,41.3562],[1.4272,41.3361],[1.4021,41.325],[1.4036,41.3213],[1.4147,41.3174],[1.4255,41.3082],[1.4241,41.3047],[1.399,41.2923],[1.4138,41.2877],[1.436,41.2861],[1.434,41.281],[1.4395,41.2723],[1.4103,41.2749],[1.4027,41.2708],[1.4,41.2635],[1.4188,41.2629],[1.4344,41.255],[1.4351,41.2513],[1.4209,41.2486],[1.4151,41.2453],[1.4127,41.2404],[1.4059,41.2374],[1.4063,41.2269],[1.3987,41.2211],[1.3904,41.2208],[1.3952,41.2056],[1.4098,41.2126],[1.4261,41.2116],[1.4357,41.2024],[1.4473,41.2045],[1.4579,41.2035],[1.4768,41.2085],[1.4792,41.2063],[1.4778,41.2005],[1.4793,41.1926],[1.4957,41.1732],[1.5217,41.1789],[1.5273,41.1767],[1.5309,41.18],[1.5426,41.1828],[1.5894,41.1884],[1.6032,41.1886],[1.6051,41.1881],[1.6057,41.185],[1.6068,41.1845],[1.6073,41.1891],[1.6075,41.1837],[1.6083,41.1885],[1.6134,41.1901],[1.6457,41.1949],[1.6421,41.2001],[1.6413,41.2116],[1.6471,41.2117],[1.6465,41.2086],[1.6533,41.2074],[1.6441,41.2206],[1.6462,41.2286],[1.6417,41.2362],[1.6332,41.231],[1.6311,41.2245],[1.625,41.2235],[1.6039,41.2343],[1.5832,41.236],[1.5787,41.2414],[1.5754,41.2554],[1.5701,41.2607],[1.5906,41.258],[1.6061,41.2499],[1.6199,41.2535],[1.6222,41.2547],[1.6232,41.2671],[1.6275,41.2697],[1.6223,41.2783],[1.6293,41.2834],[1.6274,41.2941],[1.6367,41.2961],[1.6315,41.2989],[1.6166,41.2933],[1.6118,41.2852],[1.6028,41.2866],[1.6009,41.2894],[1.5902,41.2936],[1.5886,41.2976],[1.5964,41.3085],[1.5783,41.3157],[1.575,41.315],[1.5663,41.3392],[1.5591,41.3433],[1.5667,41.3506],[1.5789,41.3564],[1.5782,41.3624],[1.5739,41.3634],[1.5706,41.3615],[1.5679,41.3693],[1.5537,41.3681]]]}},{"type":"Feature","properties":{"n":"Barcelonès"},"geometry":{"type":"Polygon","coordinates":[[[2.1699,41.3266],[2.1757,41.3511],[2.1831,41.3652],[2.1722,41.3486],[2.1694,41.3264],[2.1726,41.317],[2.1699,41.3266]],[[2.1937,41.3762],[2.1946,41.377],[2.1946,41.3773],[2.1937,41.3762]],[[2.2059,41.3892],[2.2062,41.3894],[2.2058,41.3893],[2.2059,41.3892]],[[2.222,41.4036],[2.2231,41.4049],[2.2231,41.4051],[2.222,41.4036]],[[2.2263,41.4074],[2.2265,41.4077],[2.2264,41.4077],[2.2263,41.4074]],[[2.2268,41.4079],[2.227,41.4079],[2.2269,41.4083],[2.2268,41.4079]],[[2.227,41.4084],[2.228,41.4091],[2.2279,41.4096],[2.227,41.4084]],[[2.0588,41.4106],[2.0705,41.4188],[2.0693,41.4253],[2.0577,41.4358],[2.0555,41.4223],[2.0569,41.416],[2.0546,41.4139],[2.0588,41.4106]],[[2.27,41.4606],[2.244,41.4905],[2.2247,41.4925],[2.2118,41.4805],[2.2176,41.477],[2.2134,41.4715],[2.2062,41.4703],[2.1998,41.4734],[2.1889,41.4708],[2.1871,41.4677],[2.1787,41.4682],[2.1798,41.4655],[2.1657,41.4582],[2.1642,41.4501],[2.1346,41.4473],[2.1299,41.443],[2.1282,41.4335],[2.1213,41.4258],[2.0989,41.4313],[2.0857,41.429],[2.0718,41.4363],[2.0798,41.4162],[2.0722,41.4109],[2.07,41.407],[2.0722,41.4035],[2.0778,41.4029],[2.0841,41.4093],[2.099,41.4089],[2.1038,41.404],[2.0978,41.394],[2.1033,41.379],[2.0993,41.3687],[2.094,41.3671],[2.0879,41.369],[2.0868,41.3668],[2.0999,41.3519],[2.0921,41.3464],[2.0895,41.3413],[2.1048,41.3339],[2.1157,41.3239],[2.1217,41.3221],[2.1499,41.3207],[2.1543,41.3279],[2.1592,41.3272],[2.1652,41.3414],[2.1571,41.3423],[2.1541,41.339],[2.1489,41.33],[2.1459,41.331],[2.1473,41.3337],[2.1443,41.3347],[2.1496,41.3367],[2.1509,41.3465],[2.1533,41.3427],[2.1632,41.3484],[2.1669,41.3471],[2.1731,41.3565],[2.1699,41.3586],[2.1709,41.3603],[2.1754,41.3586],[2.1767,41.3606],[2.1735,41.362],[2.176,41.3653],[2.1793,41.3636],[2.1807,41.3658],[2.1765,41.3671],[2.1771,41.3721],[2.1821,41.3704],[2.178,41.3741],[2.1823,41.3796],[2.1811,41.375],[2.1831,41.3743],[2.1847,41.3807],[2.1873,41.3776],[2.1842,41.373],[2.1867,41.3748],[2.1875,41.3732],[2.1848,41.3718],[2.1852,41.3681],[2.1872,41.37],[2.1849,41.3653],[2.1866,41.364],[2.1892,41.3666],[2.1846,41.3579],[2.1854,41.3577],[2.1919,41.3699],[2.1894,41.3715],[2.1928,41.379],[2.2,41.3852],[2.1983,41.3869],[2.2005,41.3883],[2.202,41.3872],[2.2003,41.3858],[2.2027,41.3866],[2.1989,41.3837],[2.2007,41.3838],[2.2036,41.3874],[2.2021,41.3901],[2.211,41.395],[2.2125,41.3988],[2.2155,41.3986],[2.2141,41.4003],[2.2181,41.4044],[2.2253,41.4065],[2.2295,41.4119],[2.225,41.4132],[2.2275,41.4155],[2.2296,41.4134],[2.2329,41.4147],[2.2297,41.4092],[2.2331,41.4146],[2.2344,41.4221],[2.242,41.4322],[2.2398,41.4338],[2.2425,41.4336],[2.2408,41.436],[2.2443,41.4364],[2.2428,41.4312],[2.2507,41.4459],[2.27,41.4606]],[[2.1541,41.339],[2.1543,41.3387],[2.1541,41.3388],[2.1541,41.339]],[[2.1547,41.3395],[2.1547,41.3394],[2.1546,41.3394],[2.1547,41.3395]]]}},{"type":"Feature","properties":{"n":"Berguedà"},"geometry":{"type":"Polygon","coordinates":[[[1.6891,42.1019],[1.6892,42.102],[1.6889,42.1019],[1.6891,42.1019]],[[1.6922,42.1129],[1.6591,42.1147],[1.6472,42.114],[1.6445,42.1115],[1.6631,42.1053],[1.6768,42.1036],[1.6914,42.1046],[1.6922,42.1129]],[[1.9181,42.3176],[1.8997,42.3225],[1.8929,42.3211],[1.893,42.3185],[1.8791,42.3129],[1.8516,42.3102],[1.838,42.3056],[1.8308,42.3005],[1.8179,42.2996],[1.8045,42.3019],[1.798,42.2988],[1.7972,42.2946],[1.7816,42.2929],[1.7772,42.2904],[1.7621,42.2933],[1.7409,42.2909],[1.7334,42.2839],[1.7193,42.2833],[1.7169,42.2857],[1.7092,42.2862],[1.6757,42.2854],[1.6704,42.2815],[1.6837,42.276],[1.6901,42.2771],[1.6943,42.264],[1.6854,42.2603],[1.6846,42.2564],[1.6585,42.2534],[1.6386,42.2474],[1.6261,42.2381],[1.6255,42.2325],[1.6102,42.2127],[1.6138,42.201],[1.616,42.203],[1.6257,42.1978],[1.6419,42.1965],[1.6507,42.1778],[1.655,42.1744],[1.6558,42.1707],[1.6523,42.1694],[1.6583,42.1652],[1.6672,42.1632],[1.6692,42.1696],[1.6821,42.1674],[1.6854,42.1704],[1.6938,42.1724],[1.701,42.1696],[1.7081,42.1611],[1.7164,42.1655],[1.7259,42.1664],[1.7266,42.1756],[1.7317,42.184],[1.7366,42.1835],[1.7347,42.1815],[1.7384,42.1641],[1.7342,42.1588],[1.7291,42.1584],[1.7241,42.1527],[1.7206,42.1518],[1.7138,42.1547],[1.7079,42.1499],[1.6993,42.1323],[1.6996,42.1279],[1.7115,42.1194],[1.7095,42.1097],[1.7044,42.106],[1.7116,42.1017],[1.7229,42.1001],[1.7221,42.0913],[1.7175,42.0858],[1.7076,42.0824],[1.6912,42.0868],[1.6879,42.0781],[1.6911,42.0754],[1.6869,42.0684],[1.6746,42.0586],[1.6711,42.0438],[1.6725,42.0407],[1.6792,42.0383],[1.6805,42.0454],[1.6842,42.0488],[1.6916,42.0456],[1.6967,42.0402],[1.6974,42.0365],[1.6944,42.0349],[1.6997,42.0289],[1.697,42.026],[1.6942,42.0281],[1.6893,42.0274],[1.6783,42.0184],[1.6699,42.0156],[1.6701,42.0065],[1.6663,42.003],[1.661,42.0061],[1.6644,42.0216],[1.6562,42.0207],[1.6518,42.0112],[1.6524,42.0054],[1.6475,41.9994],[1.6516,41.993],[1.6543,41.993],[1.6564,41.9978],[1.6545,41.9996],[1.6577,42.0029],[1.6619,42.0013],[1.6622,41.9911],[1.6848,41.9951],[1.6914,41.9868],[1.6974,41.9857],[1.6988,41.9935],[1.6901,42.0051],[1.6947,42.0132],[1.6987,42.0138],[1.7174,41.9997],[1.7168,41.9941],[1.7137,41.9922],[1.7193,41.9849],[1.6824,41.9677],[1.6708,41.9684],[1.6683,41.9715],[1.6743,41.9827],[1.6671,41.9851],[1.6592,41.9832],[1.6592,41.9782],[1.6547,41.9802],[1.6452,41.9711],[1.6457,41.9585],[1.6489,41.9565],[1.6635,41.9622],[1.6781,41.9429],[1.6857,41.9374],[1.7162,41.9432],[1.7221,41.9294],[1.7335,41.9247],[1.7305,41.9184],[1.7345,41.9167],[1.7573,41.9188],[1.7626,41.9176],[1.7668,41.9115],[1.7876,41.9195],[1.8003,41.9193],[1.8097,41.9258],[1.8229,41.9209],[1.8325,41.9116],[1.8393,41.9097],[1.8424,41.9046],[1.8397,41.9025],[1.8407,41.9002],[1.8454,41.8981],[1.8499,41.9008],[1.8458,41.9076],[1.8483,41.9162],[1.8639,41.9165],[1.8711,41.9105],[1.8837,41.906],[1.8858,41.9162],[1.8827,41.9262],[1.8876,41.9375],[1.8975,41.9385],[1.8962,41.9409],[1.8995,41.9432],[1.9223,41.9544],[1.927,41.9599],[1.9369,41.9655],[1.9491,41.9652],[1.9514,41.9672],[1.9549,41.9662],[1.9703,41.9199],[1.9837,41.9189],[1.9853,41.9242],[1.9753,41.9296],[1.9707,41.9369],[1.975,41.9411],[1.9786,41.9538],[1.9963,41.9611],[1.9856,41.9696],[1.9983,41.9775],[1.9947,41.9898],[1.9997,41.9902],[2.0046,41.9946],[2.0077,42.0089],[2.0215,42.0241],[2.0182,42.0283],[2.0033,42.0303],[1.9973,42.0286],[1.9977,42.0347],[2.0062,42.0493],[2.0094,42.0612],[2.01,42.0817],[2.0081,42.0852],[2.0137,42.0937],[2.0253,42.0963],[2.0306,42.0819],[2.0347,42.0771],[2.0453,42.081],[2.0417,42.0818],[2.0399,42.0865],[2.0425,42.0924],[2.053,42.0945],[2.0577,42.0877],[2.0625,42.0986],[2.0456,42.1045],[2.0545,42.1075],[2.0496,42.1216],[2.068,42.1227],[2.0705,42.1301],[2.0677,42.1344],[2.0576,42.1367],[2.0513,42.1431],[2.0374,42.1428],[2.0333,42.1504],[2.0277,42.1528],[2.0041,42.1498],[2.005,42.1549],[1.9905,42.1714],[1.9916,42.1785],[1.9882,42.1815],[1.9654,42.1795],[1.9647,42.1988],[1.9878,42.1944],[2.0077,42.1936],[1.9977,42.1913],[2.0003,42.186],[2.0053,42.1827],[1.9959,42.172],[2.004,42.1665],[2.0047,42.1625],[2.0234,42.1648],[2.031,42.171],[2.0315,42.1764],[2.0375,42.1786],[2.0571,42.1748],[2.0615,42.1796],[2.0634,42.1915],[2.0606,42.1949],[2.0528,42.1974],[2.0503,42.2147],[2.0531,42.2194],[2.0394,42.2208],[2.0301,42.2156],[2.0175,42.2323],[2.0248,42.2326],[2.0297,42.2448],[2.029,42.2536],[2.0402,42.26],[2.044,42.271],[2.0554,42.2801],[2.0676,42.2838],[2.0703,42.2891],[2.0495,42.2966],[2.0347,42.3057],[2.0187,42.3103],[1.9838,42.299],[1.9694,42.3032],[1.9495,42.3153],[1.9431,42.3084],[1.9374,42.3171],[1.9181,42.3176]],[[2.0208,42.127],[2.021,42.131],[2.0295,42.1278],[2.0312,42.126],[2.0295,42.1211],[2.0208,42.1198],[2.0166,42.1091],[2.0076,42.1065],[2.0024,42.1253],[2.0208,42.127]]]}},{"type":"Feature","properties":{"n":"Cerdanya"},"geometry":{"type":"Polygon","coordinates":[[[1.9839,42.4467],[2.0128,42.4484],[2.0144,42.4518],[2.0105,42.4559],[1.9922,42.4642],[1.9867,42.4719],[1.9867,42.4757],[1.9984,42.4853],[1.9896,42.4937],[1.9792,42.495],[1.9755,42.4856],[1.9721,42.4845],[1.9705,42.4805],[1.9631,42.4787],[1.9566,42.4579],[1.9598,42.4533],[1.9839,42.4467]],[[1.6799,42.4945],[1.6696,42.5039],[1.662,42.4925],[1.6625,42.4744],[1.657,42.4682],[1.6382,42.4672],[1.6311,42.4647],[1.5974,42.4663],[1.586,42.4606],[1.5809,42.4502],[1.5963,42.4443],[1.5965,42.44],[1.6031,42.4296],[1.6011,42.4245],[1.6202,42.4132],[1.6252,42.4062],[1.6371,42.404],[1.646,42.3989],[1.6484,42.3916],[1.6549,42.3841],[1.6572,42.376],[1.6529,42.3657],[1.6601,42.3616],[1.65,42.3476],[1.6589,42.3367],[1.655,42.3324],[1.6515,42.2864],[1.6533,42.2841],[1.6669,42.2796],[1.6757,42.2854],[1.7092,42.2862],[1.7231,42.2833],[1.7334,42.2839],[1.7411,42.2909],[1.7621,42.2933],[1.7781,42.2905],[1.7816,42.2929],[1.7972,42.2946],[1.798,42.2988],[1.8043,42.3019],[1.8179,42.2996],[1.8308,42.3005],[1.838,42.3056],[1.8516,42.3102],[1.8791,42.3129],[1.893,42.3185],[1.8929,42.3211],[1.9028,42.323],[1.914,42.3182],[1.9374,42.3171],[1.9431,42.3084],[1.9487,42.3153],[1.9554,42.3121],[1.9614,42.332],[1.9847,42.3312],[1.9914,42.3363],[1.9906,42.3418],[1.9879,42.3435],[2.0019,42.3418],[2.0161,42.3471],[1.9864,42.3619],[1.9792,42.3716],[1.9724,42.3733],[1.9657,42.3807],[1.9602,42.3929],[1.9597,42.4052],[1.9551,42.4116],[1.9586,42.4241],[1.941,42.43],[1.9429,42.4445],[1.937,42.4537],[1.9327,42.4546],[1.9163,42.4462],[1.8982,42.45],[1.8957,42.4476],[1.8912,42.4477],[1.8846,42.4498],[1.881,42.4599],[1.8647,42.4663],[1.8595,42.4625],[1.8555,42.4637],[1.8492,42.4676],[1.8418,42.4774],[1.8242,42.4857],[1.8167,42.4832],[1.8046,42.4901],[1.7919,42.4855],[1.7627,42.4868],[1.7462,42.4955],[1.7301,42.4924],[1.7257,42.5047],[1.7114,42.4923],[1.7036,42.4898],[1.6903,42.4949],[1.6799,42.4945]]]}},{"type":"Feature","properties":{"n":"Conca de Barberà"},"geometry":{"type":"Polygon","coordinates":[[[1.4474,41.5738],[1.4194,41.5829],[1.4152,41.5826],[1.4089,41.5759],[1.3951,41.5774],[1.3925,41.5752],[1.395,41.5677],[1.4022,41.5647],[1.4032,41.5579],[1.3853,41.5559],[1.3801,41.5614],[1.3709,41.5653],[1.3454,41.568],[1.3289,41.567],[1.3042,41.5715],[1.294,41.5664],[1.2709,41.5721],[1.2587,41.5676],[1.2553,41.5713],[1.2197,41.5697],[1.2157,41.5672],[1.2165,41.5622],[1.2126,41.5591],[1.2107,41.5487],[1.1977,41.5437],[1.1809,41.5433],[1.1683,41.5403],[1.1665,41.5371],[1.1762,41.5338],[1.1704,41.531],[1.1701,41.5192],[1.1654,41.5177],[1.1647,41.5085],[1.1758,41.5002],[1.1762,41.4936],[1.1798,41.4884],[1.1618,41.4825],[1.1309,41.4773],[1.1296,41.4743],[1.1094,41.4672],[1.1046,41.4753],[1.0861,41.4783],[1.079,41.4837],[1.0643,41.4874],[1.0395,41.5014],[1.0383,41.4968],[1.0485,41.4875],[1.0375,41.48],[1.0567,41.4664],[1.0688,41.464],[1.0751,41.4592],[1.0633,41.4522],[1.0554,41.442],[1.0523,41.4432],[1.0464,41.4407],[1.0385,41.4216],[1.0314,41.4195],[1.0277,41.4093],[1.0164,41.404],[1.0035,41.4046],[0.9932,41.394],[0.992,41.389],[0.982,41.3917],[0.9735,41.3808],[0.9726,41.3733],[0.9625,41.3658],[0.9625,41.36],[0.9663,41.3586],[0.9644,41.3553],[0.9449,41.3499],[0.9049,41.3476],[0.9086,41.3434],[0.9092,41.3386],[0.9064,41.3277],[0.9529,41.3169],[0.9638,41.3262],[0.9768,41.3292],[0.9853,41.3454],[0.997,41.3526],[1.0049,41.3461],[1.0019,41.3297],[1.0053,41.3256],[1.0189,41.3307],[1.0273,41.3261],[1.0641,41.3263],[1.0713,41.321],[1.1062,41.3148],[1.1077,41.3132],[1.1035,41.3108],[1.1075,41.3081],[1.1263,41.3054],[1.1445,41.3089],[1.1745,41.3203],[1.1849,41.3196],[1.1913,41.3153],[1.1969,41.3285],[1.2113,41.334],[1.221,41.3426],[1.2257,41.3506],[1.2256,41.3632],[1.2302,41.3736],[1.2397,41.3757],[1.2405,41.3839],[1.2537,41.3848],[1.2523,41.3878],[1.2612,41.3986],[1.2594,41.4039],[1.271,41.4081],[1.2881,41.4189],[1.2915,41.4254],[1.3034,41.4278],[1.3074,41.4355],[1.3179,41.4427],[1.3211,41.4482],[1.3265,41.442],[1.3283,41.4272],[1.3411,41.4307],[1.3556,41.4283],[1.3653,41.4318],[1.3718,41.4368],[1.369,41.4439],[1.3828,41.4479],[1.4039,41.4352],[1.4218,41.4488],[1.4406,41.4491],[1.4553,41.4625],[1.4549,41.4677],[1.4746,41.4783],[1.4756,41.482],[1.4734,41.4861],[1.4668,41.4843],[1.4634,41.4876],[1.4544,41.4876],[1.4462,41.4951],[1.4374,41.4985],[1.4224,41.4997],[1.4139,41.5051],[1.4082,41.5046],[1.4035,41.5071],[1.4015,41.5124],[1.3957,41.5129],[1.3984,41.5142],[1.3975,41.5188],[1.4005,41.5288],[1.4062,41.5343],[1.4257,41.5321],[1.4363,41.5393],[1.4484,41.5371],[1.4492,41.5455],[1.4467,41.5525],[1.4348,41.5502],[1.4311,41.5556],[1.44,41.5631],[1.454,41.5692],[1.4474,41.5738]]]}},{"type":"Feature","properties":{"n":"Garraf"},"geometry":{"type":"Polygon","coordinates":[[[1.6518,41.1947],[1.6509,41.1951],[1.6502,41.1946],[1.6515,41.1944],[1.6518,41.1947]],[[1.6616,41.1951],[1.6629,41.1952],[1.663,41.1953],[1.6616,41.1951]],[[1.6653,41.1956],[1.6666,41.1957],[1.6652,41.1957],[1.6653,41.1956]],[[1.6689,41.1961],[1.6703,41.1961],[1.6704,41.1962],[1.6689,41.1961]],[[1.792,41.3232],[1.7773,41.3289],[1.768,41.3242],[1.7634,41.321],[1.762,41.3098],[1.7567,41.3041],[1.746,41.3003],[1.743,41.2969],[1.7385,41.2958],[1.7216,41.3014],[1.7028,41.2995],[1.7002,41.2955],[1.703,41.2906],[1.6932,41.2804],[1.6906,41.2718],[1.6726,41.2557],[1.6692,41.2462],[1.6412,41.2354],[1.6462,41.2286],[1.6441,41.2206],[1.6533,41.2074],[1.6465,41.2086],[1.6471,41.2117],[1.6413,41.2116],[1.6421,41.2001],[1.6474,41.1936],[1.6495,41.1961],[1.6548,41.1967],[1.6526,41.1938],[1.6472,41.1928],[1.6554,41.194],[1.6578,41.1958],[1.6763,41.1988],[1.6983,41.2081],[1.7075,41.2075],[1.715,41.2111],[1.7184,41.2098],[1.7233,41.2117],[1.7278,41.2111],[1.7292,41.208],[1.7317,41.21],[1.7282,41.2132],[1.7307,41.2144],[1.7283,41.2149],[1.7333,41.2154],[1.7343,41.2135],[1.7337,41.2155],[1.7358,41.2159],[1.7367,41.2134],[1.734,41.2128],[1.7372,41.2113],[1.7341,41.2106],[1.73,41.2059],[1.7381,41.2108],[1.7373,41.2144],[1.7427,41.2182],[1.7619,41.2187],[1.7769,41.2236],[1.7885,41.2237],[1.7965,41.2304],[1.815,41.236],[1.8207,41.2358],[1.8217,41.2331],[1.8267,41.2342],[1.8241,41.232],[1.827,41.2331],[1.829,41.2367],[1.8539,41.2346],[1.8661,41.2394],[1.8659,41.2365],[1.8694,41.2429],[1.9001,41.2495],[1.8983,41.2503],[1.9018,41.2518],[1.9001,41.2485],[1.9063,41.255],[1.9282,41.2608],[1.9215,41.2557],[1.9325,41.2617],[1.9445,41.2635],[1.9374,41.275],[1.9425,41.2803],[1.926,41.2902],[1.9149,41.289],[1.9092,41.2831],[1.9022,41.2808],[1.8921,41.2825],[1.8714,41.2786],[1.8691,41.2813],[1.8727,41.2934],[1.8694,41.2963],[1.8552,41.2986],[1.8467,41.3064],[1.8497,41.3186],[1.8406,41.3154],[1.8321,41.3205],[1.8163,41.3211],[1.8054,41.3243],[1.792,41.3232]]]}},{"type":"Feature","properties":{"n":"Garrigues"},"geometry":{"type":"Polygon","coordinates":[[[0.9352,41.5847],[0.917,41.5888],[0.8889,41.5744],[0.882,41.5817],[0.8823,41.5838],[0.8777,41.5859],[0.8583,41.5739],[0.851,41.5744],[0.8528,41.5717],[0.8381,41.5645],[0.8338,41.5663],[0.8361,41.5686],[0.8315,41.5705],[0.825,41.5686],[0.7986,41.5708],[0.7913,41.5682],[0.789,41.5631],[0.7793,41.5674],[0.7757,41.5627],[0.7785,41.5582],[0.7775,41.5502],[0.756,41.5503],[0.7541,41.5403],[0.7589,41.5377],[0.7508,41.5312],[0.7415,41.5294],[0.7267,41.5185],[0.7101,41.525],[0.6959,41.4998],[0.698,41.4897],[0.6924,41.4768],[0.6778,41.4772],[0.6729,41.4795],[0.6715,41.4759],[0.6643,41.4732],[0.6622,41.4653],[0.6635,41.4577],[0.6274,41.4502],[0.6209,41.4347],[0.6225,41.4251],[0.6297,41.4165],[0.63,41.4096],[0.6258,41.3993],[0.6188,41.393],[0.5964,41.3852],[0.5845,41.3762],[0.5859,41.361],[0.5822,41.3532],[0.5869,41.3446],[0.5809,41.3199],[0.5824,41.3109],[0.5971,41.2934],[0.6282,41.2909],[0.6363,41.2975],[0.6573,41.3015],[0.6707,41.3097],[0.683,41.3091],[0.6959,41.3136],[0.7223,41.3138],[0.7498,41.3173],[0.7519,41.3197],[0.7506,41.3246],[0.7624,41.3345],[0.8029,41.3303],[0.8153,41.3269],[0.8196,41.3289],[0.8256,41.34],[0.8291,41.3573],[0.8401,41.3618],[0.845,41.3623],[0.8472,41.3547],[0.8633,41.3381],[0.9115,41.3494],[0.9449,41.3499],[0.9644,41.3553],[0.9663,41.3586],[0.9625,41.36],[0.9625,41.3658],[0.9726,41.3733],[0.9735,41.3808],[0.982,41.3917],[0.992,41.389],[0.9932,41.394],[1.0035,41.4046],[1.0164,41.404],[1.0277,41.4093],[1.0314,41.4195],[1.0385,41.4216],[1.0464,41.4407],[1.0523,41.4432],[1.0554,41.442],[1.0633,41.4522],[1.071,41.4551],[1.0755,41.46],[1.0688,41.464],[1.0567,41.4664],[1.0375,41.48],[1.0485,41.4875],[1.0383,41.4968],[1.038,41.5051],[1.0201,41.5034],[1.0111,41.512],[0.9788,41.518],[0.9813,41.5281],[0.9881,41.5364],[0.9834,41.5464],[0.9877,41.5468],[0.9867,41.5501],[0.9722,41.5589],[0.9691,41.5651],[0.9617,41.5687],[0.9686,41.5778],[0.9527,41.5842],[0.9352,41.5847]]]}},{"type":"Feature","properties":{"n":"Garrotxa"},"geometry":{"type":"Polygon","coordinates":[[[2.5423,42.334],[2.5265,42.3334],[2.5199,42.3269],[2.5246,42.3194],[2.528,42.3053],[2.5241,42.2918],[2.5507,42.2899],[2.5579,42.2875],[2.5565,42.2857],[2.5345,42.2796],[2.5088,42.2813],[2.5046,42.2869],[2.504,42.2989],[2.5061,42.3041],[2.4965,42.2989],[2.4797,42.3029],[2.4853,42.2883],[2.4634,42.2795],[2.4525,42.2832],[2.4455,42.2806],[2.4386,42.2859],[2.4131,42.2856],[2.4063,42.2819],[2.4062,42.2743],[2.3992,42.2717],[2.3885,42.272],[2.3757,42.265],[2.3844,42.2556],[2.3441,42.2408],[2.3448,42.2318],[2.3482,42.2282],[2.3581,42.2263],[2.3748,42.2296],[2.3762,42.2244],[2.3693,42.2154],[2.3388,42.2121],[2.3327,42.2107],[2.3335,42.2082],[2.3459,42.2029],[2.3492,42.1944],[2.3557,42.1934],[2.3603,42.1883],[2.3582,42.1785],[2.3612,42.1715],[2.3712,42.1761],[2.3757,42.1695],[2.3788,42.1709],[2.386,42.1669],[2.3845,42.1635],[2.3778,42.1644],[2.3579,42.157],[2.3573,42.1539],[2.3492,42.1477],[2.3508,42.1377],[2.3672,42.1298],[2.3743,42.1289],[2.3811,42.1237],[2.3732,42.1158],[2.3766,42.1055],[2.4002,42.1028],[2.3946,42.0953],[2.3941,42.0917],[2.3969,42.0876],[2.3945,42.0868],[2.4034,42.0798],[2.4113,42.0688],[2.4269,42.0613],[2.4348,42.068],[2.4582,42.0791],[2.4669,42.0739],[2.4765,42.0762],[2.48,42.0743],[2.4834,42.0676],[2.4907,42.0683],[2.4994,42.0548],[2.5111,42.0477],[2.5149,42.0416],[2.533,42.028],[2.5448,42.0295],[2.5488,42.0396],[2.5567,42.0448],[2.5625,42.0428],[2.5663,42.0383],[2.5873,42.0368],[2.597,42.05],[2.6026,42.0463],[2.6017,42.04],[2.609,42.0281],[2.6197,42.0228],[2.6262,42.0234],[2.6283,42.0122],[2.6371,42.0124],[2.637,42.0165],[2.6504,42.014],[2.6613,42.0164],[2.659,42.0209],[2.6451,42.03],[2.6421,42.0366],[2.6336,42.0393],[2.6324,42.0481],[2.6391,42.0548],[2.6374,42.0727],[2.6319,42.079],[2.6305,42.0867],[2.6318,42.089],[2.6363,42.0876],[2.6455,42.0939],[2.6526,42.1033],[2.6545,42.111],[2.6576,42.1121],[2.6574,42.1185],[2.6659,42.1236],[2.6641,42.1321],[2.6542,42.1361],[2.6605,42.1419],[2.6571,42.1434],[2.6579,42.1539],[2.6686,42.1588],[2.6653,42.1676],[2.6668,42.1764],[2.6822,42.1763],[2.6845,42.1743],[2.6755,42.1715],[2.6842,42.1708],[2.7107,42.1749],[2.7217,42.1844],[2.7286,42.185],[2.7409,42.1809],[2.7708,42.1897],[2.7672,42.1956],[2.7665,42.2032],[2.7792,42.2123],[2.7759,42.2239],[2.7782,42.2272],[2.7685,42.2384],[2.7715,42.2522],[2.7305,42.2639],[2.7272,42.2502],[2.7233,42.2471],[2.7182,42.2508],[2.7023,42.2495],[2.7025,42.2587],[2.7063,42.2596],[2.7088,42.267],[2.6961,42.2739],[2.6767,42.2707],[2.6903,42.2627],[2.6723,42.2625],[2.6769,42.2602],[2.6726,42.2569],[2.6705,42.2614],[2.6617,42.2654],[2.6615,42.27],[2.6648,42.2711],[2.6658,42.2817],[2.6568,42.2962],[2.6448,42.2977],[2.6279,42.296],[2.6317,42.305],[2.6308,42.3128],[2.6184,42.3081],[2.6129,42.317],[2.614,42.3186],[2.5918,42.3279],[2.5807,42.3263],[2.5787,42.3226],[2.5623,42.3183],[2.5423,42.334]]]}},{"type":"Feature","properties":{"n":"Gironès"},"geometry":{"type":"Polygon","coordinates":[[[2.9316,42.1137],[2.9263,42.1168],[2.9161,42.114],[2.9134,42.1105],[2.9043,42.1106],[2.8937,42.0935],[2.8965,42.0875],[2.8933,42.0709],[2.8828,42.0661],[2.8841,42.0706],[2.8817,42.0718],[2.8755,42.0665],[2.8686,42.0744],[2.8644,42.0737],[2.8569,42.0782],[2.857,42.0685],[2.8473,42.0622],[2.8472,42.0556],[2.8301,42.0549],[2.8333,42.0522],[2.8364,42.0407],[2.8118,42.0371],[2.804,42.0398],[2.7994,42.0317],[2.7799,42.0443],[2.7778,42.0499],[2.7815,42.054],[2.7789,42.0575],[2.7667,42.057],[2.7677,42.0586],[2.7581,42.0716],[2.7293,42.0793],[2.7321,42.086],[2.7243,42.0865],[2.7163,42.0921],[2.6916,42.0929],[2.686,42.0848],[2.6809,42.0826],[2.6651,42.0861],[2.6492,42.0848],[2.6318,42.089],[2.6305,42.0867],[2.6319,42.079],[2.6374,42.0727],[2.6391,42.0548],[2.6324,42.0481],[2.6336,42.0393],[2.6421,42.0366],[2.6451,42.03],[2.6619,42.0178],[2.6641,42.0088],[2.6585,42.0074],[2.6586,41.9998],[2.6608,41.9923],[2.6679,41.9857],[2.669,41.9752],[2.674,41.9738],[2.672,41.972],[2.6726,41.9671],[2.6613,41.9631],[2.6607,41.9595],[2.6656,41.952],[2.6726,41.9482],[2.6803,41.949],[2.6972,41.9375],[2.7023,41.9308],[2.6983,41.9241],[2.7175,41.9219],[2.7474,41.926],[2.7659,41.9094],[2.7801,41.9034],[2.7923,41.9107],[2.8037,41.9144],[2.8166,41.9123],[2.8169,41.8917],[2.8147,41.8838],[2.8098,41.8777],[2.8128,41.8599],[2.8166,41.8542],[2.8192,41.8513],[2.8355,41.8613],[2.8497,41.8494],[2.862,41.8488],[2.8561,41.8294],[2.8492,41.8199],[2.8481,41.8142],[2.8517,41.8104],[2.866,41.8102],[2.8649,41.8146],[2.8725,41.8151],[2.8729,41.8135],[2.8724,41.809],[2.8613,41.8075],[2.854,41.8006],[2.8537,41.794],[2.8581,41.7878],[2.8712,41.7728],[2.9024,41.7724],[2.9161,41.7679],[2.9282,41.7575],[2.9405,41.7606],[2.9601,41.7741],[2.9558,41.7865],[2.9435,41.7895],[2.9302,41.8247],[2.9333,41.8278],[2.9659,41.8257],[2.9708,41.8283],[2.9619,41.8514],[2.9488,41.8634],[2.9419,41.8662],[2.9565,41.8847],[2.9464,41.8871],[2.9363,41.8979],[2.906,41.9025],[2.8956,41.9014],[2.8855,41.9094],[2.9023,41.919],[2.8979,41.9329],[2.912,41.9344],[2.9138,41.93],[2.9266,41.9378],[2.9457,41.9393],[2.9453,41.9455],[2.9491,41.9479],[2.9459,41.9552],[2.9478,41.962],[2.9451,41.9661],[2.9497,41.973],[2.9756,41.9781],[2.9755,41.9827],[2.9817,41.9837],[2.9872,41.9892],[2.9784,42.0002],[2.9577,41.9996],[2.9517,42.0057],[2.9512,42.0099],[2.953,42.0331],[2.9637,42.0368],[2.9692,42.0346],[2.9798,42.0368],[2.9816,42.0452],[2.9727,42.061],[2.9768,42.0655],[2.9781,42.073],[2.9712,42.0746],[2.9648,42.0899],[2.9519,42.0978],[2.9534,42.1132],[2.9402,42.1161],[2.9316,42.1137]]]}},{"type":"Feature","properties":{"n":"Maresme"},"geometry":{"type":"Polygon","coordinates":[[[2.724,41.7444],[2.7025,41.7281],[2.6701,41.7144],[2.6556,41.7211],[2.6501,41.7203],[2.641,41.7118],[2.633,41.6898],[2.629,41.6883],[2.6138,41.6925],[2.5997,41.6838],[2.6032,41.6785],[2.609,41.6754],[2.5982,41.6701],[2.5939,41.6589],[2.5715,41.661],[2.5471,41.6583],[2.5395,41.6428],[2.5355,41.641],[2.5335,41.6331],[2.5269,41.627],[2.4972,41.6233],[2.4852,41.6269],[2.4852,41.631],[2.459,41.6285],[2.4556,41.6312],[2.4531,41.628],[2.4237,41.6302],[2.4173,41.6271],[2.4011,41.6099],[2.3941,41.6084],[2.3829,41.5971],[2.3751,41.5951],[2.3685,41.5854],[2.3559,41.5739],[2.3415,41.561],[2.3375,41.5611],[2.3386,41.5509],[2.3347,41.5439],[2.316,41.5334],[2.3279,41.5286],[2.3309,41.5239],[2.323,41.5166],[2.3097,41.5163],[2.3072,41.5134],[2.285,41.5154],[2.2692,41.5098],[2.2594,41.4976],[2.2471,41.4886],[2.2485,41.4847],[2.27,41.4606],[2.3044,41.4749],[2.3097,41.4742],[2.3124,41.475],[2.3085,41.476],[2.3167,41.4777],[2.3123,41.4736],[2.3294,41.481],[2.3697,41.4904],[2.3704,41.4889],[2.3647,41.4877],[2.3671,41.4874],[2.3706,41.4888],[2.3759,41.4937],[2.3993,41.5041],[2.4396,41.5284],[2.4447,41.5278],[2.4431,41.5292],[2.4468,41.532],[2.4488,41.5298],[2.4444,41.5261],[2.4493,41.5298],[2.4481,41.5322],[2.45,41.5343],[2.4681,41.5458],[2.5036,41.5556],[2.5063,41.557],[2.5025,41.5571],[2.5086,41.5597],[2.5058,41.5554],[2.5146,41.5622],[2.5493,41.5769],[2.5589,41.5761],[2.5565,41.5775],[2.5597,41.5778],[2.5554,41.5794],[2.5628,41.5793],[2.5601,41.5754],[2.5565,41.5745],[2.5606,41.575],[2.5719,41.5823],[2.6318,41.6037],[2.7192,41.6295],[2.7462,41.6423],[2.7767,41.6499],[2.7724,41.6591],[2.7602,41.6726],[2.7579,41.6794],[2.7702,41.6875],[2.7745,41.7003],[2.7659,41.7257],[2.7771,41.7307],[2.776,41.735],[2.7442,41.7349],[2.724,41.7444]]]}},{"type":"Feature","properties":{"n":"Montsià"},"geometry":{"type":"Polygon","coordinates":[[[0.6446,40.5742],[0.6447,40.5744],[0.6441,40.5746],[0.6446,40.5742]],[[0.6463,40.5746],[0.6467,40.5748],[0.6461,40.5754],[0.6463,40.5746]],[[0.642,40.5752],[0.642,40.5755],[0.6417,40.5756],[0.642,40.5752]],[[0.6411,40.5753],[0.6412,40.5755],[0.6409,40.5756],[0.6411,40.5753]],[[0.6427,40.5752],[0.6428,40.5755],[0.6416,40.5765],[0.6427,40.5752]],[[0.6418,40.5759],[0.6418,40.5762],[0.6414,40.5765],[0.6418,40.5759]],[[0.6446,40.5759],[0.6456,40.5766],[0.6439,40.5766],[0.6446,40.5759]],[[0.6426,40.5767],[0.6428,40.5769],[0.6425,40.5769],[0.6426,40.5767]],[[0.6418,40.5769],[0.6421,40.577],[0.6418,40.5772],[0.6418,40.5769]],[[0.6481,40.5771],[0.6487,40.577],[0.648,40.5773],[0.6481,40.5771]],[[0.6146,40.5767],[0.6149,40.577],[0.6145,40.5769],[0.6146,40.5767]],[[0.6491,40.5776],[0.6493,40.5777],[0.6487,40.578],[0.6491,40.5776]],[[0.6151,40.5774],[0.6163,40.5766],[0.6157,40.5774],[0.6151,40.5774]],[[0.6161,40.5776],[0.6164,40.5775],[0.6163,40.5777],[0.6161,40.5776]],[[0.6434,40.5764],[0.6433,40.5772],[0.642,40.5785],[0.6434,40.5764]],[[0.6467,40.5783],[0.6469,40.5784],[0.6465,40.5789],[0.6467,40.5783]],[[0.6483,40.5789],[0.6488,40.5786],[0.6482,40.5792],[0.6483,40.5789]],[[0.6437,40.5788],[0.6436,40.5792],[0.6434,40.5792],[0.6437,40.5788]],[[0.6456,40.5786],[0.6458,40.5792],[0.6454,40.5793],[0.6456,40.5786]],[[0.6484,40.5791],[0.6491,40.5789],[0.648,40.5802],[0.6484,40.5791]],[[0.6488,40.5793],[0.6492,40.5796],[0.6484,40.5803],[0.6488,40.5793]],[[0.6492,40.5799],[0.6494,40.58],[0.649,40.5803],[0.6492,40.5799]],[[0.6378,40.58],[0.6385,40.5799],[0.6378,40.5801],[0.6378,40.58]],[[0.6385,40.5804],[0.6388,40.5804],[0.6384,40.5806],[0.6385,40.5804]],[[0.6427,40.5801],[0.6424,40.5807],[0.6424,40.5808],[0.6427,40.5801]],[[0.6541,40.5796],[0.6559,40.58],[0.6532,40.5814],[0.6541,40.5796]],[[0.6349,40.5774],[0.6355,40.5813],[0.6335,40.5798],[0.6349,40.5774]],[[0.6343,40.5815],[0.6347,40.5812],[0.6348,40.5814],[0.6343,40.5815]],[[0.6519,40.5814],[0.6528,40.5815],[0.6514,40.5819],[0.6519,40.5814]],[[0.6382,40.5816],[0.6384,40.5817],[0.6381,40.5818],[0.6382,40.5816]],[[0.6299,40.5815],[0.6316,40.5809],[0.6317,40.5812],[0.6299,40.5815]],[[0.633,40.5812],[0.6336,40.5818],[0.6329,40.5814],[0.633,40.5812]],[[0.6367,40.5816],[0.6369,40.5818],[0.6368,40.5819],[0.6367,40.5816]],[[0.6338,40.5818],[0.6341,40.5817],[0.6337,40.5819],[0.6338,40.5818]],[[0.6388,40.5819],[0.6392,40.582],[0.6386,40.5821],[0.6388,40.5819]],[[0.6521,40.5822],[0.6522,40.5824],[0.6518,40.5825],[0.6521,40.5822]],[[0.6319,40.5813],[0.633,40.5821],[0.6312,40.5821],[0.6319,40.5813]],[[0.6344,40.5817],[0.6344,40.5822],[0.6341,40.5823],[0.6344,40.5817]],[[0.6422,40.5817],[0.6419,40.5825],[0.6415,40.5826],[0.6422,40.5817]],[[0.6348,40.5819],[0.6357,40.5822],[0.6346,40.5825],[0.6348,40.5819]],[[0.6451,40.5824],[0.6454,40.5833],[0.6449,40.5831],[0.6451,40.5824]],[[0.6498,40.5833],[0.6496,40.5829],[0.65,40.5831],[0.6498,40.5833]],[[0.6555,40.5821],[0.6535,40.5833],[0.6558,40.5813],[0.6555,40.5821]],[[0.6432,40.5829],[0.6428,40.5836],[0.6429,40.5833],[0.6432,40.5829]],[[0.6454,40.5836],[0.6445,40.5842],[0.6441,40.5839],[0.6454,40.5836]],[[0.6468,40.5841],[0.6461,40.5846],[0.6459,40.5841],[0.6468,40.5841]],[[0.648,40.5834],[0.6477,40.5848],[0.6471,40.5844],[0.648,40.5834]],[[0.6547,40.5838],[0.6498,40.5852],[0.649,40.5843],[0.6547,40.5838]],[[0.7165,40.6033],[0.7172,40.6028],[0.7173,40.603],[0.7165,40.6033]],[[0.7073,40.6353],[0.7077,40.6353],[0.7076,40.6356],[0.7073,40.6353]],[[0.739,40.6374],[0.7403,40.6374],[0.7392,40.6383],[0.739,40.6374]],[[0.2782,40.7653],[0.2702,40.7692],[0.2774,40.7731],[0.2717,40.7803],[0.2506,40.7822],[0.2358,40.7803],[0.2331,40.7794],[0.235,40.7766],[0.2295,40.7687],[0.2257,40.7662],[0.2121,40.7676],[0.2032,40.7595],[0.1955,40.7579],[0.19,40.7505],[0.1778,40.7548],[0.1756,40.7536],[0.1747,40.7412],[0.1591,40.7503],[0.1703,40.7327],[0.1817,40.7281],[0.191,40.7311],[0.1976,40.7245],[0.2142,40.7312],[0.2264,40.7331],[0.2246,40.7256],[0.2274,40.7149],[0.2361,40.7016],[0.242,40.7002],[0.2608,40.7058],[0.2687,40.7035],[0.2767,40.6952],[0.292,40.6881],[0.2913,40.6838],[0.2832,40.6731],[0.2755,40.6702],[0.2678,40.6585],[0.2692,40.6485],[0.2666,40.6436],[0.2819,40.628],[0.2927,40.6232],[0.2994,40.6249],[0.3151,40.6141],[0.3368,40.6088],[0.364,40.6059],[0.3871,40.6066],[0.4019,40.6028],[0.4056,40.5948],[0.4328,40.5793],[0.4432,40.5787],[0.4344,40.567],[0.4361,40.5498],[0.4387,40.5464],[0.4886,40.529],[0.5147,40.5229],[0.5226,40.5431],[0.5301,40.551],[0.5318,40.5508],[0.5342,40.5519],[0.5303,40.5515],[0.5382,40.5676],[0.5473,40.573],[0.5513,40.5697],[0.5564,40.5715],[0.5514,40.5699],[0.5498,40.5718],[0.5521,40.5729],[0.5479,40.5741],[0.5907,40.613],[0.5957,40.614],[0.5989,40.6115],[0.6045,40.6092],[0.5954,40.6146],[0.5966,40.6162],[0.5932,40.6163],[0.5985,40.6191],[0.6001,40.6178],[0.5981,40.6164],[0.5986,40.6152],[0.5999,40.6176],[0.6018,40.6161],[0.6001,40.6146],[0.6025,40.6162],[0.6025,40.617],[0.5982,40.6199],[0.6033,40.6182],[0.6019,40.6219],[0.6065,40.6228],[0.6071,40.6178],[0.6041,40.6163],[0.6085,40.6166],[0.6079,40.6229],[0.6038,40.6226],[0.6018,40.622],[0.6006,40.6207],[0.6004,40.6216],[0.6053,40.6232],[0.6438,40.6232],[0.6422,40.6242],[0.6518,40.6244],[0.6543,40.6267],[0.6657,40.6254],[0.6641,40.6272],[0.6834,40.6344],[0.6831,40.6362],[0.6854,40.6346],[0.6929,40.6364],[0.6925,40.6393],[0.6949,40.6367],[0.7036,40.6384],[0.708,40.6363],[0.714,40.639],[0.7332,40.6387],[0.7328,40.64],[0.7335,40.6407],[0.7357,40.6379],[0.7382,40.6377],[0.7366,40.6391],[0.7458,40.6366],[0.7079,40.591],[0.6974,40.5889],[0.6843,40.5892],[0.6724,40.5929],[0.6602,40.5914],[0.6542,40.5854],[0.6571,40.5783],[0.6499,40.5811],[0.6499,40.5773],[0.6476,40.5761],[0.6459,40.5768],[0.6494,40.5746],[0.6496,40.5729],[0.6489,40.5746],[0.6471,40.5748],[0.6485,40.5737],[0.6484,40.5726],[0.6479,40.5738],[0.6469,40.5734],[0.6455,40.5754],[0.6456,40.5737],[0.634,40.5764],[0.6296,40.5817],[0.6179,40.5858],[0.6153,40.5789],[0.6164,40.5787],[0.6184,40.572],[0.6162,40.5761],[0.612,40.576],[0.6114,40.5781],[0.6022,40.5747],[0.5926,40.5803],[0.5916,40.5784],[0.5963,40.5657],[0.6042,40.5577],[0.6157,40.5523],[0.6303,40.551],[0.6641,40.5583],[0.6825,40.5662],[0.6972,40.577],[0.7229,40.6076],[0.7536,40.6382],[0.839,40.6756],[0.8549,40.6849],[0.8651,40.6954],[0.8736,40.7169],[0.8733,40.7194],[0.8471,40.7168],[0.8183,40.7071],[0.8026,40.6969],[0.7934,40.6943],[0.7785,40.6963],[0.7627,40.703],[0.7535,40.7098],[0.7374,40.7098],[0.7058,40.7146],[0.6877,40.7134],[0.6742,40.7211],[0.6618,40.7196],[0.6118,40.7058],[0.5937,40.7088],[0.5799,40.7157],[0.5684,40.7468],[0.5614,40.7518],[0.5517,40.7442],[0.5369,40.7481],[0.5045,40.7388],[0.4559,40.7384],[0.441,40.7363],[0.4112,40.7413],[0.3841,40.7578],[0.3843,40.7628],[0.3431,40.7577],[0.3306,40.7605],[0.3264,40.7517],[0.3225,40.7517],[0.3117,40.7455],[0.2901,40.752],[0.2866,40.7687],[0.2782,40.7653]]]}},{"type":"Feature","properties":{"n":"Noguera"},"geometry":{"type":"Polygon","coordinates":[[[1.1676,42.1188],[1.1661,42.123],[1.1574,42.1229],[1.1521,42.1159],[1.1429,42.1184],[1.1367,42.1156],[1.1197,42.0893],[1.1092,42.0853],[1.1013,42.0748],[1.0982,42.0627],[1.0943,42.0581],[1.0787,42.0499],[1.077,42.0456],[1.0904,42.0337],[1.0921,42.0279],[1.0896,42.018],[1.0829,42.0079],[1.0754,42.0059],[1.0693,42.0364],[1.0281,42.031],[1.0216,42.0339],[1.0081,42.0218],[0.9694,42.0201],[0.9455,42.0228],[0.9206,42.0221],[0.8899,42.0364],[0.8884,42.0432],[0.8736,42.037],[0.8641,42.0358],[0.8352,42.04],[0.7969,42.0419],[0.7634,42.04],[0.7461,42.0464],[0.7467,42.0491],[0.7429,42.0526],[0.7257,42.0508],[0.7127,42.0523],[0.6941,42.0593],[0.6874,42.0645],[0.6803,42.076],[0.6712,42.063],[0.6687,42.0548],[0.671,42.0464],[0.6665,42.0415],[0.6569,42.0401],[0.6573,42.031],[0.6527,42.0267],[0.6525,42.0232],[0.6573,42.0148],[0.6616,42.0146],[0.6613,42.0104],[0.6582,42.0034],[0.6466,41.9963],[0.6431,41.9829],[0.6419,41.982],[0.6389,41.9947],[0.6215,41.99],[0.6169,41.987],[0.6169,41.9822],[0.6112,41.978],[0.6117,41.9714],[0.6044,41.9632],[0.6056,41.96],[0.5931,41.9687],[0.587,41.9665],[0.5861,41.962],[0.5782,41.9576],[0.5614,41.9379],[0.5626,41.9327],[0.6017,41.9228],[0.6076,41.9192],[0.595,41.9176],[0.6009,41.9082],[0.5921,41.8848],[0.6083,41.8784],[0.6077,41.8724],[0.6035,41.8691],[0.5799,41.8632],[0.582,41.8573],[0.5787,41.8483],[0.578,41.8272],[0.5869,41.8085],[0.5987,41.7934],[0.6112,41.7845],[0.6213,41.7664],[0.6339,41.7593],[0.6598,41.7357],[0.6667,41.7241],[0.6849,41.7091],[0.6915,41.698],[0.704,41.6974],[0.7074,41.6951],[0.7122,41.6996],[0.7269,41.7002],[0.7313,41.7057],[0.7419,41.7122],[0.746,41.71],[0.7637,41.6856],[0.7764,41.6882],[0.7745,41.6964],[0.7782,41.6993],[0.7951,41.7033],[0.8095,41.7001],[0.813,41.7131],[0.8368,41.7127],[0.8409,41.7082],[0.8569,41.7112],[0.8657,41.7243],[0.8527,41.7257],[0.864,41.741],[0.9134,41.7377],[0.9156,41.7193],[0.9278,41.7064],[0.935,41.7076],[0.9358,41.7027],[0.94,41.7012],[0.9595,41.7052],[0.9707,41.7036],[0.9824,41.7131],[0.9831,41.7318],[0.9775,41.7313],[0.9675,41.735],[0.9605,41.7324],[0.9573,41.744],[0.9711,41.7545],[0.9876,41.7743],[0.9862,41.7716],[1.0077,41.771],[1.0151,41.7765],[1.0197,41.7769],[1.0334,41.7688],[1.0607,41.793],[1.0805,41.8241],[1.0755,41.823],[1.0995,41.8567],[1.1156,41.8541],[1.115,41.8509],[1.1207,41.8489],[1.1245,41.833],[1.1142,41.8216],[1.1031,41.8277],[1.0986,41.8195],[1.0987,41.8115],[1.1335,41.8044],[1.1374,41.8135],[1.1461,41.8209],[1.1511,41.8201],[1.1528,41.8184],[1.151,41.8158],[1.1411,41.8083],[1.1363,41.8012],[1.1405,41.7927],[1.1403,41.7857],[1.1636,41.7814],[1.1865,41.7982],[1.2025,41.8151],[1.2118,41.8115],[1.2159,41.8131],[1.2355,41.8328],[1.2362,41.8415],[1.2394,41.8451],[1.2569,41.8577],[1.259,41.8564],[1.2601,41.8605],[1.2657,41.8619],[1.2826,41.876],[1.2835,41.8821],[1.2894,41.8869],[1.2925,41.8979],[1.2908,41.9097],[1.2978,41.9174],[1.2954,41.9216],[1.3098,41.9365],[1.3135,41.9472],[1.3085,41.953],[1.2856,41.9585],[1.26,41.9425],[1.248,41.9399],[1.2527,41.9445],[1.2623,41.9727],[1.2625,41.9749],[1.258,41.9765],[1.257,41.9817],[1.2581,41.9891],[1.2637,41.9976],[1.2615,42.0029],[1.2526,42.0055],[1.2365,42.0204],[1.241,42.0364],[1.236,42.0423],[1.2355,42.0477],[1.242,42.0529],[1.2367,42.0606],[1.2366,42.0651],[1.2214,42.0719],[1.2234,42.0758],[1.221,42.0796],[1.2145,42.0794],[1.2108,42.0766],[1.2066,42.0792],[1.2,42.09],[1.1667,42.0823],[1.1624,42.1032],[1.1676,42.1188]],[[1.0404,41.8572],[1.0554,41.8576],[1.0581,41.8487],[1.0616,41.849],[1.0666,41.8352],[1.0544,41.837],[1.0512,41.8299],[1.0421,41.8287],[1.0359,41.8257],[1.0323,41.8206],[1.0269,41.8202],[1.0242,41.8278],[1.0217,41.8284],[1.0244,41.8317],[1.0245,41.8384],[1.0205,41.8401],[1.0197,41.8479],[1.029,41.8558],[1.0332,41.8519],[1.0396,41.8542],[1.0404,41.8572]],[[0.9526,41.7471],[0.9681,41.7565],[0.9766,41.7757],[0.9791,41.7755],[0.9755,41.7633],[0.9701,41.7562],[0.9538,41.7452],[0.9526,41.7471]]]}},{"type":"Feature","properties":{"n":"Osona"},"geometry":{"type":"Polygon","coordinates":[[[2.3727,42.1723],[2.3712,42.1761],[2.3612,42.1715],[2.3427,42.1689],[2.3272,42.1626],[2.3186,42.1628],[2.3039,42.1591],[2.2958,42.1657],[2.2649,42.1642],[2.2771,42.1617],[2.2777,42.1588],[2.2819,42.1571],[2.2911,42.1567],[2.2775,42.1499],[2.2947,42.1493],[2.2858,42.14],[2.2724,42.1404],[2.2699,42.145],[2.2586,42.1391],[2.2447,42.1386],[2.236,42.1438],[2.2099,42.1396],[2.2109,42.1368],[2.2074,42.1348],[2.213,42.1289],[2.209,42.1272],[2.2037,42.1315],[2.2018,42.1285],[2.2044,42.1255],[2.2005,42.124],[2.1887,42.1243],[2.1862,42.1283],[2.1879,42.1313],[2.1865,42.134],[2.1809,42.1353],[2.1634,42.135],[2.1436,42.1309],[2.1373,42.1208],[2.1258,42.1124],[2.1329,42.1052],[2.13,42.1004],[2.1226,42.0992],[2.116,42.1018],[2.1124,42.0999],[2.1051,42.0855],[2.1107,42.0758],[2.1355,42.0575],[2.1342,42.0541],[2.1358,42.0519],[2.1273,42.0518],[2.1239,42.0493],[2.129,42.0416],[2.124,42.0328],[2.1318,42.0255],[2.1402,42.0264],[2.1651,42.0377],[2.1805,42.0419],[2.1969,42.0256],[2.2,42.0183],[2.1933,42.0145],[2.1934,42.008],[2.1758,42.0028],[2.1547,42.011],[2.1467,42.0105],[2.1399,42.0036],[2.133,42.0005],[2.1244,41.9908],[2.1291,41.985],[2.1283,41.9719],[2.1215,41.9667],[2.1312,41.9644],[2.1287,41.9579],[2.1358,41.9552],[2.1365,41.948],[2.1396,41.9446],[2.128,41.9427],[2.1229,41.9442],[2.1068,41.9245],[2.1012,41.92],[2.0981,41.9214],[2.0904,41.915],[2.0934,41.9139],[2.0917,41.9046],[2.1049,41.9033],[2.137,41.9133],[2.144,41.9017],[2.1411,41.8989],[2.1399,41.8919],[2.133,41.8864],[2.123,41.8856],[2.124,41.8811],[2.1319,41.8782],[2.1285,41.869],[2.1367,41.8589],[2.1462,41.8526],[2.1539,41.8535],[2.1578,41.8564],[2.1797,41.8526],[2.1836,41.8547],[2.1863,41.8599],[2.19,41.8486],[2.1885,41.8441],[2.192,41.8379],[2.1965,41.8361],[2.1855,41.8091],[2.1756,41.7982],[2.1835,41.7936],[2.186,41.7892],[2.1888,41.7753],[2.1886,41.7556],[2.1845,41.7427],[2.1895,41.7326],[2.1933,41.7306],[2.2136,41.7269],[2.2362,41.7321],[2.2406,41.7296],[2.2553,41.7308],[2.2559,41.7282],[2.2624,41.7306],[2.2624,41.7352],[2.2579,41.7382],[2.2606,41.7407],[2.2605,41.7454],[2.2506,41.7496],[2.2493,41.7581],[2.2518,41.7629],[2.2662,41.7666],[2.2725,41.7706],[2.2782,41.7792],[2.2866,41.7846],[2.2907,41.7926],[2.3037,41.7985],[2.317,41.7926],[2.3209,41.7878],[2.3282,41.7888],[2.3285,41.7757],[2.3323,41.7719],[2.3344,41.7637],[2.3489,41.7642],[2.3634,41.7683],[2.3657,41.7704],[2.3661,41.7798],[2.3622,41.7899],[2.3756,41.7969],[2.3827,41.8088],[2.387,41.8052],[2.3973,41.8051],[2.4047,41.8017],[2.4184,41.8045],[2.4074,41.8231],[2.4117,41.8304],[2.4243,41.8395],[2.4181,41.8507],[2.4226,41.8547],[2.4328,41.8531],[2.4383,41.8549],[2.441,41.8602],[2.4462,41.8598],[2.4538,41.8697],[2.453,41.8796],[2.4438,41.8855],[2.446,41.8944],[2.455,41.896],[2.4602,41.9012],[2.4681,41.9042],[2.4749,41.9149],[2.479,41.9162],[2.4791,41.9308],[2.4702,41.9391],[2.4571,41.9434],[2.4424,41.9414],[2.4368,41.948],[2.4421,41.9545],[2.4414,41.9599],[2.4395,41.9632],[2.4291,41.9657],[2.4273,41.9689],[2.4392,41.9734],[2.4428,41.9716],[2.4413,41.9681],[2.4493,41.9699],[2.4522,41.9659],[2.468,41.9681],[2.4716,41.9692],[2.4727,41.9753],[2.4802,41.9787],[2.4801,41.9825],[2.488,41.9848],[2.4688,41.9937],[2.4797,41.9995],[2.4832,41.9971],[2.499,42.0015],[2.4998,42.0079],[2.4947,42.0174],[2.4961,42.0209],[2.5031,42.0235],[2.5061,42.0323],[2.4928,42.0383],[2.4813,42.0507],[2.4961,42.059],[2.4907,42.0683],[2.4834,42.0676],[2.4789,42.0752],[2.4669,42.0739],[2.4582,42.0791],[2.4348,42.068],[2.4269,42.0613],[2.4113,42.0688],[2.4034,42.0798],[2.3945,42.0868],[2.3969,42.0876],[2.3941,42.0917],[2.3946,42.0953],[2.4002,42.1028],[2.3766,42.1055],[2.3732,42.1158],[2.3811,42.1237],[2.3743,42.1289],[2.3672,42.1298],[2.3508,42.1377],[2.3492,42.1477],[2.3573,42.1539],[2.3579,42.157],[2.3778,42.1644],[2.3845,42.1635],[2.386,42.1669],[2.3727,42.1723]]]}},{"type":"Feature","properties":{"n":"Pallars Jussà"},"geometry":{"type":"Polygon","coordinates":[[[0.7861,42.3714],[0.7788,42.3754],[0.771,42.375],[0.7644,42.3682],[0.7601,42.3587],[0.771,42.3503],[0.7666,42.3486],[0.7714,42.3464],[0.7953,42.3473],[0.7983,42.3525],[0.8088,42.3574],[0.7958,42.3656],[0.7899,42.3739],[0.7861,42.3714]],[[1.0014,42.538],[0.997,42.5396],[0.9904,42.5512],[0.9854,42.5537],[0.9661,42.5495],[0.9606,42.5421],[0.9546,42.5388],[0.9581,42.5322],[0.957,42.5296],[0.9453,42.5237],[0.9434,42.5191],[0.9296,42.5153],[0.9226,42.5083],[0.9197,42.4974],[0.923,42.4899],[0.9216,42.4851],[0.8944,42.4798],[0.8886,42.4753],[0.8859,42.467],[0.8805,42.4601],[0.8691,42.4611],[0.8624,42.4558],[0.8559,42.4547],[0.8711,42.446],[0.8704,42.4403],[0.8626,42.4301],[0.8536,42.425],[0.8291,42.4247],[0.8275,42.4193],[0.8223,42.4155],[0.8343,42.4035],[0.8224,42.3915],[0.8368,42.3788],[0.8396,42.3733],[0.8458,42.3699],[0.8621,42.3671],[0.8681,42.3608],[0.8728,42.3414],[0.8917,42.335],[0.8868,42.3189],[0.8866,42.3051],[0.8739,42.2987],[0.8469,42.3144],[0.8106,42.3164],[0.7999,42.3204],[0.7915,42.3275],[0.7711,42.3331],[0.7759,42.3409],[0.7622,42.3483],[0.7535,42.346],[0.7416,42.3362],[0.7435,42.3279],[0.7657,42.3228],[0.7601,42.3205],[0.7547,42.3139],[0.7561,42.3094],[0.7444,42.3012],[0.7437,42.2857],[0.7378,42.2824],[0.7394,42.2696],[0.7343,42.2507],[0.7256,42.2432],[0.7248,42.2366],[0.7143,42.224],[0.7135,42.2124],[0.7079,42.2041],[0.7091,42.1968],[0.7021,42.1873],[0.6979,42.1728],[0.714,42.1631],[0.6956,42.1515],[0.6967,42.1287],[0.7022,42.1215],[0.7023,42.1167],[0.6962,42.0994],[0.685,42.0924],[0.6803,42.076],[0.6874,42.0645],[0.6941,42.0593],[0.7127,42.0523],[0.7257,42.0508],[0.7429,42.0526],[0.7467,42.0491],[0.7461,42.0464],[0.7641,42.0399],[0.7969,42.0419],[0.8352,42.04],[0.8641,42.0358],[0.8736,42.037],[0.8884,42.0432],[0.8899,42.0364],[0.9206,42.0221],[0.9455,42.0228],[0.9694,42.0201],[1.0081,42.0218],[1.0216,42.0339],[1.0281,42.031],[1.0693,42.0364],[1.0754,42.0059],[1.0829,42.0079],[1.0896,42.018],[1.0921,42.0279],[1.0904,42.0337],[1.077,42.0456],[1.0787,42.0499],[1.0943,42.0581],[1.0982,42.0627],[1.1013,42.0748],[1.1092,42.0853],[1.1197,42.0893],[1.1367,42.1156],[1.1429,42.1184],[1.1521,42.1159],[1.1565,42.1195],[1.1581,42.1253],[1.1557,42.1356],[1.1615,42.1415],[1.1605,42.1508],[1.1737,42.1536],[1.1864,42.1714],[1.1865,42.1757],[1.1816,42.1815],[1.1605,42.19],[1.167,42.1999],[1.1682,42.2154],[1.165,42.2191],[1.1538,42.2203],[1.1403,42.2329],[1.1401,42.2382],[1.1584,42.2465],[1.1513,42.259],[1.1492,42.261],[1.1398,42.26],[1.1313,42.2629],[1.1163,42.273],[1.1164,42.2688],[1.0852,42.2771],[1.0649,42.2759],[1.0538,42.2814],[1.0381,42.2812],[1.038,42.2853],[1.0266,42.2888],[1.0248,42.2849],[1.0103,42.2919],[0.9973,42.2933],[0.994,42.2966],[0.9773,42.2971],[0.9744,42.2982],[0.9736,42.3137],[0.9673,42.3116],[0.9637,42.3222],[0.9523,42.3278],[0.9576,42.3389],[0.9763,42.3385],[0.9818,42.3448],[0.9919,42.3477],[0.9949,42.3558],[0.9941,42.3625],[0.998,42.3638],[0.9974,42.3703],[1.0,42.3771],[1.0054,42.3823],[1.0057,42.3897],[1.0199,42.3973],[1.0272,42.4118],[1.0437,42.4176],[1.0374,42.4253],[1.0284,42.4255],[1.0167,42.4376],[1.0209,42.4587],[1.0175,42.468],[1.0187,42.4784],[1.0251,42.4859],[1.0239,42.4979],[1.0307,42.5036],[1.0301,42.5078],[1.0232,42.5137],[1.0272,42.5245],[1.022,42.5264],[1.0189,42.5346],[1.0121,42.5397],[1.0014,42.538]]]}},{"type":"Feature","properties":{"n":"Pallars Sobirà"},"geometry":{"type":"Polygon","coordinates":[[[1.092,42.776],[1.0778,42.7883],[1.0745,42.7837],[1.0446,42.781],[1.0426,42.7824],[1.0435,42.7852],[1.0372,42.787],[1.0273,42.7663],[1.0324,42.7541],[1.0272,42.743],[1.03,42.7346],[1.0246,42.7288],[1.0224,42.7188],[1.0273,42.7173],[1.0285,42.71],[1.0146,42.7098],[1.006,42.7128],[0.9934,42.7007],[0.9817,42.6987],[0.9762,42.6934],[0.978,42.6896],[0.9862,42.6839],[0.9803,42.6767],[0.9711,42.6425],[0.9609,42.6308],[0.962,42.6253],[0.9694,42.618],[0.9688,42.6089],[0.9624,42.6037],[0.9541,42.6028],[0.9528,42.594],[0.937,42.5883],[0.9448,42.5801],[0.9586,42.5796],[0.9693,42.5741],[0.9727,42.5517],[0.9854,42.5537],[0.9904,42.5512],[0.997,42.5396],[1.0048,42.5379],[1.0121,42.5397],[1.0189,42.5346],[1.022,42.5264],[1.0272,42.5245],[1.0232,42.5137],[1.0301,42.5078],[1.0307,42.5036],[1.0239,42.4979],[1.0251,42.4859],[1.0187,42.4784],[1.0175,42.468],[1.0209,42.4587],[1.0167,42.4376],[1.0284,42.4255],[1.0374,42.4253],[1.0437,42.4178],[1.0272,42.4118],[1.0199,42.3973],[1.0057,42.3897],[1.0054,42.3823],[1.0,42.3771],[0.9974,42.3703],[0.998,42.3638],[0.9941,42.3625],[0.9949,42.3558],[0.9919,42.3477],[0.9818,42.3448],[0.9763,42.3385],[0.9576,42.3389],[0.9523,42.3278],[0.9637,42.3222],[0.9673,42.3116],[0.9736,42.3137],[0.9744,42.2982],[0.9773,42.2971],[0.994,42.2966],[0.9973,42.2933],[1.0103,42.2919],[1.0248,42.2849],[1.0266,42.2888],[1.038,42.2853],[1.0381,42.2812],[1.0538,42.2814],[1.0649,42.2759],[1.0852,42.2771],[1.1164,42.2688],[1.1163,42.273],[1.1313,42.2629],[1.1398,42.26],[1.1492,42.261],[1.1513,42.259],[1.1535,42.2669],[1.1582,42.2707],[1.1573,42.2785],[1.138,42.2904],[1.1225,42.2956],[1.1289,42.2998],[1.1344,42.3074],[1.1448,42.3065],[1.1654,42.3093],[1.1639,42.3154],[1.1748,42.3276],[1.1719,42.3288],[1.1834,42.3372],[1.1883,42.3489],[1.2307,42.3689],[1.2363,42.3694],[1.2369,42.3734],[1.2452,42.3847],[1.2447,42.4154],[1.2529,42.4192],[1.2616,42.4198],[1.2582,42.4325],[1.2523,42.4415],[1.2562,42.4524],[1.2717,42.4426],[1.2943,42.4494],[1.3047,42.4495],[1.3207,42.4456],[1.3403,42.4673],[1.3455,42.4813],[1.3567,42.4824],[1.3646,42.4935],[1.3633,42.504],[1.3655,42.5108],[1.363,42.5188],[1.3768,42.514],[1.3836,42.5146],[1.3904,42.5196],[1.3944,42.5264],[1.4075,42.5274],[1.4241,42.5569],[1.4395,42.5636],[1.4445,42.5686],[1.4434,42.5719],[1.4321,42.5754],[1.4265,42.5828],[1.4274,42.5867],[1.4401,42.5943],[1.4431,42.6026],[1.4369,42.6035],[1.4306,42.6115],[1.4279,42.6202],[1.4206,42.6248],[1.4138,42.6552],[1.4032,42.6592],[1.3964,42.6683],[1.3875,42.6686],[1.3892,42.6871],[1.3772,42.6946],[1.367,42.6951],[1.3526,42.7008],[1.3511,42.7037],[1.3524,42.7111],[1.3578,42.7152],[1.3573,42.7195],[1.3397,42.7189],[1.3323,42.7248],[1.3109,42.7182],[1.2971,42.7193],[1.2788,42.7141],[1.2748,42.7187],[1.2689,42.7183],[1.2657,42.7155],[1.2529,42.7148],[1.2473,42.7225],[1.2271,42.7262],[1.2157,42.7201],[1.1881,42.7163],[1.1705,42.7079],[1.1334,42.7281],[1.1344,42.7343],[1.1304,42.7407],[1.132,42.7508],[1.1288,42.7547],[1.1094,42.77],[1.092,42.776]]]}},{"type":"Feature","properties":{"n":"Pla d'Urgell"},"geometry":{"type":"Polygon","coordinates":[[[1.1001,41.7027],[1.0991,41.7052],[1.0825,41.7005],[1.0787,41.7021],[1.0552,41.6828],[1.0583,41.6812],[1.0774,41.6868],[1.1001,41.7027]],[[0.9134,41.7377],[0.864,41.741],[0.8554,41.7312],[0.8529,41.7256],[0.8657,41.7243],[0.8569,41.7112],[0.8409,41.7082],[0.8368,41.7127],[0.813,41.7131],[0.8095,41.7001],[0.7951,41.7033],[0.7782,41.6993],[0.7745,41.6964],[0.7764,41.6882],[0.7637,41.6856],[0.7642,41.6652],[0.7374,41.6617],[0.7363,41.6484],[0.7291,41.6412],[0.7294,41.6335],[0.7487,41.6292],[0.7614,41.5878],[0.7446,41.5885],[0.7416,41.5827],[0.7387,41.5836],[0.7352,41.5787],[0.7324,41.5668],[0.7406,41.5656],[0.7437,41.5612],[0.7647,41.557],[0.7645,41.5513],[0.7757,41.5493],[0.7785,41.5577],[0.7757,41.5627],[0.7793,41.5674],[0.789,41.5631],[0.7913,41.5682],[0.7986,41.5708],[0.825,41.5686],[0.8315,41.5705],[0.8361,41.5686],[0.8338,41.5663],[0.8381,41.5645],[0.8528,41.5717],[0.851,41.5744],[0.8583,41.5739],[0.8777,41.5859],[0.8823,41.5838],[0.882,41.5817],[0.8889,41.5744],[0.917,41.5888],[0.9385,41.584],[0.9526,41.5842],[0.9644,41.5794],[0.9758,41.5915],[0.9727,41.6068],[0.977,41.6123],[0.9709,41.6163],[0.9712,41.6212],[0.9677,41.6238],[0.9692,41.6295],[0.9738,41.6296],[0.9756,41.6334],[0.9849,41.637],[0.9865,41.6404],[0.9846,41.6413],[0.9907,41.6507],[1.001,41.6511],[1.0066,41.6687],[1.0,41.6709],[1.0063,41.6781],[1.0175,41.676],[1.0257,41.6704],[1.0262,41.6769],[1.0299,41.6798],[1.0371,41.6789],[1.0416,41.6875],[1.0198,41.6959],[1.0093,41.6888],[0.9986,41.6919],[1.0282,41.7111],[1.0264,41.7118],[1.0227,41.7125],[1.0158,41.7058],[0.9984,41.6981],[0.9742,41.7064],[0.9707,41.7036],[0.9595,41.7052],[0.94,41.7012],[0.9358,41.7027],[0.935,41.7076],[0.9278,41.7064],[0.9156,41.7193],[0.9134,41.7377]],[[0.767,41.5875],[0.7826,41.6093],[0.8168,41.6146],[0.8073,41.602],[0.8038,41.5901],[0.7962,41.5891],[0.7822,41.5818],[0.7764,41.5825],[0.767,41.5875]]]}},{"type":"Feature","properties":{"n":"Pla de l'Estany"},"geometry":{"type":"Polygon","coordinates":[[[2.7862,42.1988],[2.7828,42.2013],[2.7848,42.2051],[2.7792,42.2123],[2.7665,42.2032],[2.7672,42.1956],[2.7708,42.1897],[2.7409,42.1809],[2.7286,42.185],[2.7217,42.1844],[2.7107,42.1749],[2.6842,42.1708],[2.6755,42.1715],[2.6845,42.1743],[2.6822,42.1763],[2.6668,42.1764],[2.6653,42.1676],[2.6686,42.1588],[2.6579,42.1539],[2.6571,42.1434],[2.6605,42.1419],[2.6542,42.1361],[2.6641,42.1321],[2.6659,42.1236],[2.6574,42.1185],[2.6576,42.1121],[2.6545,42.111],[2.6526,42.1033],[2.6455,42.0939],[2.6363,42.0876],[2.6498,42.0848],[2.6651,42.0861],[2.6809,42.0826],[2.686,42.0848],[2.6916,42.0929],[2.7163,42.0921],[2.7243,42.0865],[2.7321,42.086],[2.7293,42.0793],[2.7581,42.0716],[2.7677,42.0586],[2.7667,42.057],[2.7789,42.0575],[2.7815,42.054],[2.7778,42.0499],[2.7799,42.0443],[2.7994,42.0317],[2.804,42.0398],[2.8118,42.0371],[2.8364,42.0407],[2.8333,42.0522],[2.8301,42.0549],[2.8472,42.0556],[2.8473,42.0622],[2.857,42.0685],[2.8569,42.0782],[2.8644,42.0737],[2.8686,42.0744],[2.8755,42.0665],[2.8817,42.0718],[2.8841,42.0706],[2.8828,42.0661],[2.8933,42.0709],[2.8965,42.0875],[2.8937,42.0935],[2.9043,42.1106],[2.8985,42.121],[2.9012,42.1388],[2.8939,42.1483],[2.8885,42.1499],[2.8884,42.154],[2.8984,42.1622],[2.8938,42.1769],[2.8838,42.1825],[2.8761,42.1835],[2.879,42.1944],[2.8645,42.2011],[2.8619,42.1991],[2.8592,42.1903],[2.8492,42.1803],[2.8333,42.1792],[2.8279,42.183],[2.8335,42.1893],[2.8332,42.1999],[2.8349,42.202],[2.8199,42.1989],[2.8064,42.2021],[2.7986,42.1987],[2.7862,42.1988]]]}},{"type":"Feature","properties":{"n":"Priorat"},"geometry":{"type":"Polygon","coordinates":[[[0.8633,41.3381],[0.8472,41.3547],[0.845,41.3623],[0.8401,41.3618],[0.8291,41.3573],[0.8262,41.3413],[0.8189,41.3284],[0.8144,41.3268],[0.8029,41.3303],[0.7624,41.3345],[0.7506,41.3246],[0.7527,41.3155],[0.7502,41.3116],[0.7392,41.3086],[0.7303,41.3095],[0.7137,41.3025],[0.7128,41.2963],[0.7078,41.289],[0.7032,41.2843],[0.6959,41.2817],[0.6998,41.2731],[0.7012,41.2602],[0.6943,41.257],[0.6925,41.2503],[0.6851,41.2452],[0.6887,41.2342],[0.6858,41.2297],[0.687,41.2245],[0.7048,41.2161],[0.6885,41.2025],[0.6794,41.1994],[0.6698,41.1909],[0.6593,41.1876],[0.6586,41.1855],[0.6746,41.1735],[0.6776,41.1628],[0.6955,41.1417],[0.6975,41.1342],[0.6933,41.134],[0.6924,41.1318],[0.7128,41.117],[0.711,41.1153],[0.7147,41.1074],[0.7124,41.1052],[0.733,41.1027],[0.7487,41.0914],[0.7513,41.0861],[0.7568,41.0846],[0.7639,41.0872],[0.7668,41.0943],[0.7705,41.0838],[0.7868,41.0785],[0.7922,41.0712],[0.8051,41.0668],[0.8144,41.067],[0.8237,41.0769],[0.8205,41.0895],[0.8262,41.0978],[0.8429,41.0998],[0.8365,41.1138],[0.8305,41.1143],[0.8266,41.1197],[0.8323,41.1223],[0.8568,41.1107],[0.8777,41.1107],[0.885,41.1175],[0.8898,41.1325],[0.8889,41.1364],[0.906,41.1648],[0.9016,41.1745],[0.9066,41.1795],[0.8794,41.1829],[0.8773,41.1881],[0.8803,41.1944],[0.9066,41.1944],[0.9226,41.2032],[0.9211,41.2133],[0.9134,41.2254],[0.9098,41.2379],[0.9245,41.2426],[0.9428,41.2447],[0.9589,41.2557],[0.9753,41.2601],[0.9758,41.262],[0.9693,41.275],[0.9731,41.2945],[0.9603,41.2995],[0.9449,41.2897],[0.9395,41.2966],[0.9438,41.3048],[0.9355,41.3205],[0.9064,41.3277],[0.9092,41.3386],[0.9086,41.3434],[0.9049,41.3476],[0.8633,41.3381]]]}},{"type":"Feature","properties":{"n":"Ribera d'Ebre"},"geometry":{"type":"Polygon","coordinates":[[[0.5031,41.2898],[0.4983,41.3001],[0.481,41.3174],[0.4803,41.3218],[0.4616,41.3351],[0.4558,41.3298],[0.4413,41.3256],[0.4346,41.3203],[0.4322,41.3117],[0.4359,41.2972],[0.4325,41.2759],[0.4235,41.2743],[0.3857,41.2785],[0.3799,41.271],[0.3769,41.2612],[0.3778,41.2526],[0.3736,41.2483],[0.3818,41.2352],[0.3742,41.2328],[0.3716,41.2296],[0.373,41.2231],[0.3664,41.2084],[0.367,41.2068],[0.3778,41.2118],[0.4022,41.2164],[0.4032,41.2186],[0.4135,41.2203],[0.4305,41.2286],[0.4558,41.2145],[0.4594,41.2048],[0.4795,41.2035],[0.4865,41.198],[0.495,41.1968],[0.5015,41.174],[0.499,41.1705],[0.5012,41.1569],[0.488,41.1452],[0.4882,41.142],[0.4941,41.1367],[0.515,41.1338],[0.5298,41.125],[0.5535,41.1175],[0.5362,41.0977],[0.533,41.0908],[0.521,41.0792],[0.5206,41.0755],[0.5038,41.0677],[0.4998,41.0632],[0.5023,41.0599],[0.5271,41.0628],[0.528,41.0555],[0.5445,41.0507],[0.5477,41.0464],[0.5481,41.0374],[0.5673,41.0245],[0.5702,41.0184],[0.5591,41.0149],[0.5636,41.0071],[0.5735,41.0004],[0.569,40.9985],[0.5763,40.9957],[0.5728,40.9917],[0.5655,40.9892],[0.5652,40.9849],[0.5734,40.9801],[0.5748,40.9769],[0.5837,40.9755],[0.581,40.9663],[0.5841,40.963],[0.5835,40.9576],[0.5885,40.9562],[0.5929,40.9506],[0.5888,40.9465],[0.5872,40.9408],[0.5995,40.9404],[0.6024,40.9347],[0.6114,40.9303],[0.649,40.94],[0.655,40.9436],[0.6714,40.9457],[0.6793,40.9448],[0.6828,40.9406],[0.6986,40.9442],[0.7395,40.939],[0.7502,40.9324],[0.8208,40.9423],[0.8034,40.953],[0.7987,40.9686],[0.7927,40.9726],[0.7821,40.9893],[0.7762,40.9926],[0.7747,40.9972],[0.7843,41.017],[0.7829,41.031],[0.7982,41.0416],[0.8149,41.0618],[0.8355,41.0526],[0.8525,41.0564],[0.8575,41.0615],[0.8536,41.0789],[0.8636,41.0866],[0.8693,41.0847],[0.8672,41.0741],[0.8702,41.0735],[0.8732,41.0838],[0.8614,41.0934],[0.8503,41.0944],[0.8429,41.0998],[0.8262,41.0978],[0.8205,41.0895],[0.8237,41.0769],[0.8144,41.067],[0.8051,41.0668],[0.7922,41.0712],[0.7868,41.0785],[0.7705,41.0838],[0.7668,41.0943],[0.7604,41.0845],[0.7513,41.0861],[0.7487,41.0914],[0.733,41.1027],[0.7124,41.1052],[0.7147,41.1074],[0.711,41.1153],[0.7128,41.117],[0.6924,41.1318],[0.6933,41.134],[0.6975,41.1342],[0.6955,41.1417],[0.6776,41.1628],[0.6746,41.1735],[0.6586,41.1855],[0.6593,41.1876],[0.6698,41.1909],[0.6794,41.1994],[0.6885,41.2025],[0.7048,41.2161],[0.687,41.2245],[0.6858,41.2297],[0.6887,41.2342],[0.6851,41.2452],[0.6925,41.2503],[0.6943,41.257],[0.7012,41.2602],[0.6998,41.2731],[0.6959,41.2817],[0.7032,41.2843],[0.7078,41.289],[0.7128,41.2963],[0.7137,41.3025],[0.7303,41.3095],[0.7392,41.3086],[0.7502,41.3116],[0.7527,41.3155],[0.7514,41.3182],[0.7223,41.3138],[0.6959,41.3136],[0.683,41.3091],[0.6707,41.3097],[0.6573,41.3015],[0.6363,41.2975],[0.6282,41.2909],[0.6195,41.291],[0.5971,41.2934],[0.5824,41.3109],[0.5809,41.3199],[0.5742,41.3181],[0.5545,41.3266],[0.5455,41.3227],[0.543,41.3126],[0.5302,41.2992],[0.5262,41.2902],[0.5031,41.2898]]]}},{"type":"Feature","properties":{"n":"Ripollès"},"geometry":{"type":"Polygon","coordinates":[[[2.0312,42.126],[2.021,42.131],[2.0208,42.127],[2.0024,42.1253],[2.0076,42.1065],[2.0166,42.1091],[2.0208,42.1198],[2.0295,42.1211],[2.0312,42.126]],[[2.2954,42.4229],[2.2571,42.4386],[2.2522,42.4366],[2.2464,42.4289],[2.2243,42.4259],[2.2015,42.4164],[2.1791,42.4192],[2.1693,42.4235],[2.1489,42.4209],[2.1256,42.4098],[2.1219,42.3999],[2.1148,42.3945],[2.1165,42.3832],[2.0904,42.374],[2.0849,42.3619],[2.0805,42.3647],[2.0724,42.3649],[2.0598,42.3583],[2.0234,42.3556],[2.0161,42.3471],[2.0068,42.3431],[1.9879,42.3435],[1.9906,42.3418],[1.9914,42.3363],[1.9883,42.3325],[1.9612,42.3319],[1.9554,42.3121],[1.9694,42.3032],[1.9838,42.299],[2.0187,42.3103],[2.0347,42.3057],[2.0495,42.2966],[2.0615,42.2937],[2.0669,42.2899],[2.0693,42.291],[2.0703,42.289],[2.0676,42.2838],[2.0554,42.2801],[2.044,42.271],[2.0402,42.26],[2.029,42.2536],[2.0297,42.2448],[2.0248,42.2326],[2.0175,42.2323],[2.0301,42.2156],[2.0394,42.2208],[2.0531,42.2194],[2.0503,42.2147],[2.0528,42.1974],[2.0606,42.1949],[2.0634,42.1915],[2.0615,42.1796],[2.0579,42.1755],[2.0461,42.1757],[2.0375,42.1786],[2.0315,42.1764],[2.031,42.171],[2.0234,42.1648],[2.0047,42.1625],[2.004,42.1665],[1.9959,42.172],[2.0053,42.1827],[2.0003,42.186],[1.9977,42.1913],[2.0077,42.1936],[1.9878,42.1944],[1.9647,42.1988],[1.9654,42.1795],[1.9882,42.1815],[1.9916,42.1785],[1.9905,42.1714],[2.005,42.1549],[2.0042,42.1497],[2.0277,42.1528],[2.0333,42.1504],[2.0374,42.1428],[2.0513,42.1431],[2.054,42.139],[2.0612,42.1352],[2.0706,42.1417],[2.0903,42.1424],[2.0994,42.1398],[2.1003,42.1359],[2.0978,42.1305],[2.0999,42.1251],[2.1132,42.1169],[2.1258,42.1124],[2.1373,42.1208],[2.1436,42.1309],[2.1634,42.135],[2.1865,42.134],[2.1879,42.1313],[2.1862,42.1283],[2.1887,42.1243],[2.2005,42.124],[2.2044,42.1255],[2.2018,42.1285],[2.2037,42.1315],[2.209,42.1272],[2.213,42.1289],[2.2074,42.1348],[2.2109,42.1368],[2.2099,42.1396],[2.236,42.1438],[2.2447,42.1386],[2.2586,42.1391],[2.2699,42.145],[2.2724,42.1404],[2.2858,42.14],[2.2947,42.1493],[2.2775,42.1499],[2.2911,42.1567],[2.2819,42.1571],[2.2777,42.1588],[2.2771,42.1617],[2.2649,42.1642],[2.2958,42.1657],[2.3039,42.1591],[2.3186,42.1628],[2.3272,42.1626],[2.3427,42.1689],[2.3612,42.1715],[2.3582,42.1785],[2.3603,42.1883],[2.3557,42.1934],[2.3492,42.1944],[2.3459,42.2029],[2.3335,42.2082],[2.3327,42.2107],[2.3693,42.2154],[2.3765,42.2269],[2.3748,42.2296],[2.3581,42.2263],[2.3482,42.2282],[2.3448,42.2318],[2.3435,42.2396],[2.3512,42.2447],[2.3605,42.2457],[2.3844,42.2556],[2.3757,42.265],[2.3885,42.272],[2.3992,42.2717],[2.4062,42.2743],[2.4063,42.2817],[2.4097,42.2841],[2.4161,42.2865],[2.4319,42.2866],[2.4415,42.2854],[2.4455,42.2806],[2.4525,42.2832],[2.4634,42.2795],[2.4853,42.2883],[2.4797,42.3029],[2.4965,42.2989],[2.5039,42.3041],[2.5061,42.3041],[2.504,42.2989],[2.5046,42.2869],[2.5088,42.2813],[2.5345,42.2796],[2.5579,42.2871],[2.5482,42.2903],[2.5241,42.2918],[2.528,42.3053],[2.5246,42.3194],[2.5199,42.3269],[2.5265,42.3334],[2.5008,42.3429],[2.4809,42.341],[2.4663,42.3606],[2.4573,42.3633],[2.4536,42.3697],[2.4457,42.3696],[2.4335,42.3772],[2.4353,42.3852],[2.4333,42.3942],[2.407,42.3928],[2.3855,42.4004],[2.3696,42.4009],[2.3482,42.4074],[2.3453,42.4102],[2.3459,42.4154],[2.344,42.4169],[2.3319,42.4158],[2.3244,42.4177],[2.3191,42.4218],[2.3185,42.4251],[2.3122,42.4284],[2.3064,42.4286],[2.3008,42.424],[2.2954,42.4229]]]}},{"type":"Feature","properties":{"n":"Segarra"},"geometry":{"type":"Polygon","coordinates":[[[1.3198,41.892],[1.3187,41.9068],[1.3114,41.9193],[1.3028,41.9235],[1.2954,41.9216],[1.2978,41.9174],[1.2908,41.9097],[1.2925,41.8979],[1.2894,41.8869],[1.2835,41.8821],[1.2826,41.876],[1.2657,41.8619],[1.2601,41.8605],[1.259,41.8564],[1.2569,41.8577],[1.2394,41.8451],[1.2362,41.8415],[1.2355,41.8328],[1.2159,41.8131],[1.2118,41.8115],[1.2025,41.8151],[1.1865,41.7982],[1.1702,41.7871],[1.1762,41.7863],[1.1662,41.7751],[1.1677,41.7689],[1.1728,41.7668],[1.1739,41.7638],[1.17,41.7598],[1.1611,41.7582],[1.1786,41.7535],[1.1798,41.7487],[1.1566,41.7125],[1.1704,41.7089],[1.1787,41.7098],[1.1966,41.721],[1.2065,41.7166],[1.1987,41.7065],[1.194,41.6909],[1.1875,41.6859],[1.1849,41.6764],[1.1898,41.6746],[1.1912,41.6612],[1.1906,41.6526],[1.1861,41.6505],[1.189,41.6321],[1.1866,41.6199],[1.1675,41.6135],[1.1654,41.6103],[1.1687,41.6063],[1.167,41.6022],[1.1798,41.5958],[1.211,41.5881],[1.2135,41.5847],[1.2128,41.5788],[1.2197,41.5697],[1.2553,41.5713],[1.2587,41.5676],[1.2709,41.5721],[1.294,41.5664],[1.3042,41.5715],[1.3289,41.567],[1.3454,41.568],[1.3709,41.5653],[1.3801,41.5614],[1.3844,41.5559],[1.4032,41.5579],[1.4022,41.5647],[1.395,41.5677],[1.3923,41.5788],[1.3957,41.5851],[1.4029,41.5864],[1.4078,41.5907],[1.4073,41.6003],[1.3936,41.5997],[1.375,41.6075],[1.3749,41.6118],[1.3688,41.6105],[1.3605,41.6137],[1.3696,41.6173],[1.3699,41.6214],[1.3863,41.6261],[1.3874,41.6314],[1.3915,41.6343],[1.4132,41.6353],[1.4306,41.6298],[1.4312,41.6341],[1.4489,41.6367],[1.4507,41.6464],[1.4443,41.6462],[1.433,41.6515],[1.4258,41.6618],[1.4241,41.6694],[1.4155,41.6747],[1.4193,41.6764],[1.4233,41.6841],[1.4042,41.6862],[1.4039,41.6945],[1.3958,41.6957],[1.4002,41.7043],[1.3825,41.7067],[1.4077,41.7226],[1.4192,41.7326],[1.4245,41.7327],[1.4206,41.7378],[1.4029,41.7456],[1.4089,41.7583],[1.4106,41.775],[1.4139,41.7765],[1.4074,41.7814],[1.4075,41.7846],[1.4025,41.7862],[1.4039,41.8053],[1.3946,41.8001],[1.3857,41.7884],[1.3736,41.7787],[1.3604,41.7902],[1.3743,41.8167],[1.3575,41.8146],[1.3523,41.8191],[1.346,41.8185],[1.3296,41.823],[1.3202,41.8303],[1.3258,41.8352],[1.3287,41.844],[1.3432,41.86],[1.3409,41.8933],[1.3361,41.8999],[1.323,41.8896],[1.3198,41.892]]]}},{"type":"Feature","properties":{"n":"Segrià"},"geometry":{"type":"Polygon","coordinates":[[[0.7828,41.5823],[0.7962,41.5891],[0.8038,41.5901],[0.8073,41.602],[0.8168,41.6146],[0.7826,41.6093],[0.7802,41.6034],[0.767,41.5875],[0.7764,41.5825],[0.7828,41.5823]],[[0.5928,41.8],[0.578,41.8272],[0.58,41.8508],[0.5554,41.8529],[0.5514,41.8435],[0.5513,41.8406],[0.5534,41.8401],[0.5522,41.8344],[0.5441,41.8214],[0.5155,41.8221],[0.5019,41.8144],[0.4989,41.8071],[0.4949,41.8043],[0.4885,41.805],[0.4745,41.7886],[0.4698,41.7654],[0.4645,41.7633],[0.4481,41.7647],[0.438,41.7613],[0.4069,41.7587],[0.3991,41.7558],[0.3952,41.7318],[0.3852,41.7396],[0.3727,41.7235],[0.3689,41.7241],[0.3682,41.7136],[0.3415,41.6961],[0.3283,41.6815],[0.3258,41.6734],[0.3263,41.6626],[0.333,41.6598],[0.3497,41.6365],[0.3582,41.632],[0.3468,41.6224],[0.3498,41.5996],[0.4022,41.5926],[0.4288,41.6022],[0.4362,41.5849],[0.4313,41.581],[0.4302,41.5773],[0.4331,41.5688],[0.4301,41.5651],[0.4395,41.5556],[0.4462,41.543],[0.4332,41.5317],[0.4269,41.5224],[0.4191,41.5178],[0.3965,41.4904],[0.3862,41.4864],[0.3719,41.4847],[0.3478,41.4879],[0.3428,41.484],[0.3451,41.4621],[0.3553,41.4548],[0.3567,41.4515],[0.3483,41.4388],[0.3484,41.4267],[0.3434,41.4149],[0.32,41.3942],[0.3583,41.372],[0.3744,41.3521],[0.3674,41.3436],[0.3503,41.3318],[0.3486,41.3279],[0.3512,41.3245],[0.3679,41.3193],[0.3703,41.3121],[0.3655,41.3037],[0.3696,41.2961],[0.3857,41.2785],[0.4235,41.2743],[0.4324,41.2759],[0.4359,41.2972],[0.4322,41.3117],[0.4346,41.3203],[0.4413,41.3256],[0.4558,41.3298],[0.4616,41.3351],[0.4803,41.3218],[0.481,41.3174],[0.4983,41.3001],[0.5031,41.2898],[0.5262,41.2902],[0.5302,41.2992],[0.543,41.3126],[0.5455,41.3227],[0.5545,41.3266],[0.5742,41.3181],[0.5809,41.3199],[0.5865,41.3374],[0.5869,41.3446],[0.5822,41.3532],[0.5859,41.361],[0.5845,41.3762],[0.5964,41.3852],[0.6188,41.393],[0.6258,41.3993],[0.63,41.4096],[0.6284,41.42],[0.6225,41.4251],[0.6209,41.4347],[0.6274,41.4502],[0.6635,41.4577],[0.6622,41.4653],[0.6643,41.4732],[0.6715,41.4759],[0.6729,41.4795],[0.6778,41.4772],[0.6924,41.4768],[0.698,41.4897],[0.6959,41.4998],[0.7101,41.525],[0.7267,41.5185],[0.7316,41.5203],[0.7415,41.5294],[0.7508,41.5312],[0.7563,41.5351],[0.7589,41.5377],[0.7541,41.5403],[0.756,41.5503],[0.7645,41.5513],[0.7647,41.557],[0.7437,41.5612],[0.7406,41.5656],[0.7324,41.5668],[0.7352,41.5787],[0.7387,41.5836],[0.7416,41.5827],[0.7446,41.5885],[0.7614,41.5878],[0.7487,41.6292],[0.7317,41.6317],[0.7287,41.6379],[0.7316,41.6451],[0.7363,41.6484],[0.7374,41.6617],[0.7642,41.6652],[0.7649,41.6823],[0.7608,41.6909],[0.746,41.71],[0.7419,41.7122],[0.7313,41.7057],[0.7269,41.7002],[0.7122,41.6996],[0.7074,41.6951],[0.704,41.6974],[0.6915,41.698],[0.6849,41.7091],[0.6667,41.7241],[0.6598,41.7357],[0.6339,41.7593],[0.6213,41.7664],[0.6112,41.7845],[0.5928,41.8]]]}},{"type":"Feature","properties":{"n":"Selva"},"geometry":{"type":"Polygon","coordinates":[[[2.7921,41.6705],[2.7925,41.6704],[2.7924,41.6708],[2.7921,41.6705]],[[2.8032,41.673],[2.8038,41.6732],[2.8031,41.6731],[2.8032,41.673]],[[2.8076,41.6768],[2.8079,41.6775],[2.8073,41.677],[2.8076,41.6768]],[[2.8155,41.682],[2.816,41.6821],[2.8155,41.6822],[2.8155,41.682]],[[2.8159,41.6828],[2.8161,41.683],[2.8158,41.6828],[2.8159,41.6828]],[[2.8187,41.6868],[2.8188,41.6866],[2.8191,41.6869],[2.8187,41.6868]],[[2.8269,41.69],[2.8273,41.6902],[2.8267,41.6902],[2.8269,41.69]],[[2.8291,41.691],[2.8295,41.6911],[2.829,41.6912],[2.8291,41.691]],[[2.8719,41.7002],[2.8724,41.7002],[2.8722,41.7004],[2.8719,41.7002]],[[2.8863,41.7015],[2.8868,41.7014],[2.8869,41.7015],[2.8863,41.7015]],[[2.8786,41.7015],[2.8794,41.7015],[2.8793,41.7016],[2.8786,41.7015]],[[2.8926,41.7037],[2.893,41.7036],[2.893,41.7038],[2.8926,41.7037]],[[2.8958,41.7038],[2.8961,41.7036],[2.8963,41.7039],[2.8958,41.7038]],[[2.912,41.7073],[2.9123,41.7076],[2.9115,41.7077],[2.912,41.7073]],[[2.9266,41.7136],[2.9274,41.7135],[2.9266,41.7136],[2.9266,41.7136]],[[2.9396,41.7202],[2.9403,41.7201],[2.94,41.7207],[2.9396,41.7202]],[[2.9411,41.7246],[2.9413,41.7244],[2.9414,41.7245],[2.9411,41.7246]],[[2.9458,41.7258],[2.9462,41.7258],[2.9458,41.726],[2.9458,41.7258]],[[2.965,41.7453],[2.9655,41.7452],[2.9655,41.7454],[2.965,41.7453]],[[2.533,42.028],[2.4961,42.059],[2.482,42.0517],[2.4928,42.0383],[2.5061,42.0323],[2.5031,42.0235],[2.4961,42.0209],[2.4947,42.0174],[2.4998,42.0079],[2.499,42.0015],[2.4832,41.9971],[2.4797,41.9995],[2.4688,41.9937],[2.488,41.9848],[2.4801,41.9825],[2.4802,41.9787],[2.4727,41.9753],[2.4716,41.9692],[2.4522,41.9659],[2.4493,41.9699],[2.4413,41.9681],[2.4428,41.9716],[2.4383,41.9734],[2.4273,41.9689],[2.4291,41.9657],[2.4395,41.9632],[2.4414,41.9599],[2.4421,41.9545],[2.4368,41.948],[2.4424,41.9414],[2.4571,41.9434],[2.4702,41.9391],[2.4791,41.9308],[2.479,41.9162],[2.4749,41.9149],[2.4681,41.9042],[2.4602,41.9012],[2.455,41.896],[2.4462,41.8948],[2.4438,41.8855],[2.453,41.8796],[2.4538,41.8697],[2.4462,41.8598],[2.441,41.8602],[2.4383,41.8549],[2.4328,41.8531],[2.4226,41.8547],[2.4181,41.8507],[2.4243,41.8395],[2.4117,41.8304],[2.4074,41.8231],[2.4184,41.8045],[2.431,41.804],[2.443,41.7988],[2.4439,41.7894],[2.4555,41.7844],[2.4725,41.7896],[2.4692,41.7779],[2.4906,41.7654],[2.5159,41.7615],[2.5181,41.7554],[2.5153,41.7529],[2.515,41.7486],[2.5305,41.7392],[2.5333,41.7358],[2.5306,41.7307],[2.5384,41.7215],[2.5477,41.719],[2.5694,41.7261],[2.5781,41.7245],[2.5989,41.7283],[2.5957,41.7214],[2.6002,41.7161],[2.5879,41.7002],[2.5942,41.6867],[2.5997,41.6838],[2.6138,41.6925],[2.629,41.6883],[2.633,41.6898],[2.641,41.7118],[2.6501,41.7203],[2.6556,41.7211],[2.6701,41.7144],[2.7025,41.7281],[2.724,41.7444],[2.7442,41.7349],[2.776,41.735],[2.7771,41.7307],[2.7659,41.7257],[2.7745,41.7003],[2.7702,41.6875],[2.7579,41.6794],[2.7604,41.6723],[2.7778,41.6504],[2.7889,41.67],[2.7942,41.6739],[2.7975,41.6735],[2.7955,41.6748],[2.7975,41.6755],[2.8009,41.674],[2.7992,41.6718],[2.7966,41.6726],[2.7983,41.6718],[2.7993,41.6715],[2.801,41.6724],[2.8016,41.6741],[2.8029,41.6736],[2.8034,41.6761],[2.8157,41.6828],[2.8194,41.6889],[2.8339,41.6942],[2.8423,41.6936],[2.8511,41.6991],[2.866,41.6987],[2.8737,41.7018],[2.88,41.702],[2.8801,41.7032],[2.8811,41.704],[2.8874,41.7015],[2.8901,41.7035],[2.9003,41.7056],[2.8992,41.7075],[2.9034,41.7103],[2.9127,41.7082],[2.9195,41.7128],[2.9351,41.7153],[2.9348,41.7203],[2.9411,41.7251],[2.9479,41.7278],[2.9467,41.7303],[2.9511,41.7311],[2.9508,41.7329],[2.9535,41.7314],[2.9537,41.7369],[2.9584,41.7357],[2.9603,41.7376],[2.9577,41.738],[2.9579,41.7403],[2.9705,41.7517],[2.9712,41.7531],[2.961,41.7573],[2.9501,41.7683],[2.9405,41.7606],[2.9282,41.7575],[2.9161,41.7679],[2.9024,41.7724],[2.8712,41.7728],[2.8537,41.794],[2.854,41.8006],[2.8613,41.8075],[2.8724,41.809],[2.8726,41.8151],[2.8649,41.8146],[2.866,41.8102],[2.8517,41.8104],[2.8481,41.8142],[2.8492,41.8199],[2.8561,41.8294],[2.862,41.8488],[2.8497,41.8494],[2.8351,41.8614],[2.8192,41.8513],[2.8128,41.8599],[2.8098,41.8777],[2.8147,41.8838],[2.8169,41.8917],[2.8166,41.9123],[2.8037,41.9144],[2.7923,41.9107],[2.7801,41.9034],[2.7659,41.9094],[2.7474,41.926],[2.7175,41.9219],[2.6979,41.9243],[2.7023,41.9308],[2.6972,41.9375],[2.6803,41.949],[2.6726,41.9482],[2.6656,41.952],[2.6607,41.9595],[2.6613,41.9631],[2.6726,41.9671],[2.672,41.972],[2.674,41.9738],[2.669,41.9752],[2.6679,41.9857],[2.6608,41.9923],[2.6585,42.0074],[2.6641,42.0088],[2.6617,42.0167],[2.6504,42.014],[2.637,42.0165],[2.6371,42.0124],[2.6283,42.0122],[2.6262,42.0234],[2.6197,42.0228],[2.609,42.0281],[2.6017,42.04],[2.6026,42.0463],[2.597,42.05],[2.5873,42.0368],[2.5663,42.0383],[2.5572,42.0449],[2.5488,42.0396],[2.5448,42.0295],[2.533,42.028]]]}},{"type":"Feature","properties":{"n":"Solsonès"},"geometry":{"type":"Polygon","coordinates":[[[1.7147,41.8919],[1.7123,41.896],[1.7086,41.897],[1.7116,41.8895],[1.7065,41.8885],[1.7192,41.8827],[1.725,41.8928],[1.7197,41.8953],[1.7147,41.8919]],[[1.5974,42.2003],[1.5573,42.2097],[1.5284,42.2047],[1.5279,42.192],[1.5204,42.1844],[1.4741,42.1571],[1.4517,42.1472],[1.4461,42.1461],[1.4349,42.1538],[1.4317,42.1587],[1.4244,42.1601],[1.4047,42.1554],[1.3957,42.1506],[1.3785,42.1548],[1.3576,42.148],[1.3614,42.1418],[1.3648,42.1421],[1.3666,42.1393],[1.362,42.13],[1.3536,42.1281],[1.3426,42.1202],[1.3268,42.1151],[1.3235,42.0949],[1.331,42.08],[1.3346,42.077],[1.3391,42.0775],[1.3498,42.073],[1.3578,42.0775],[1.3595,42.047],[1.3641,42.0429],[1.3584,42.0395],[1.3604,42.0301],[1.3556,42.0226],[1.3583,42.0194],[1.3578,42.0102],[1.3631,42.0042],[1.3626,42.0],[1.3533,41.9948],[1.3328,41.9909],[1.3092,41.9948],[1.3048,41.9919],[1.3098,41.9882],[1.2988,41.9805],[1.2914,41.9585],[1.2935,41.9555],[1.3085,41.953],[1.3135,41.9471],[1.3094,41.9359],[1.2954,41.9216],[1.3028,41.9235],[1.3114,41.9193],[1.3187,41.9068],[1.3187,41.893],[1.323,41.8896],[1.332,41.8954],[1.3353,41.9008],[1.3409,41.8933],[1.3432,41.8598],[1.3287,41.844],[1.3258,41.8352],[1.3202,41.8303],[1.3296,41.823],[1.346,41.8185],[1.3523,41.8191],[1.3575,41.8146],[1.3743,41.8167],[1.3604,41.7902],[1.3716,41.7795],[1.3764,41.7801],[1.3946,41.8001],[1.4039,41.8053],[1.4025,41.7862],[1.4075,41.7846],[1.4109,41.7774],[1.4152,41.7761],[1.4203,41.79],[1.4213,41.7937],[1.4183,41.7925],[1.4166,41.7949],[1.4265,41.8019],[1.4606,41.7978],[1.4713,41.8006],[1.4717,41.7826],[1.4692,41.7785],[1.4609,41.7765],[1.4665,41.7753],[1.4702,41.7714],[1.4788,41.7727],[1.4881,41.7787],[1.4835,41.791],[1.5022,41.7891],[1.5048,41.7882],[1.5109,41.7708],[1.5195,41.7708],[1.5217,41.7669],[1.5278,41.7641],[1.5307,41.7526],[1.5353,41.753],[1.534,41.7572],[1.5448,41.7574],[1.5483,41.7704],[1.5617,41.77],[1.5632,41.7777],[1.5695,41.7781],[1.5726,41.7822],[1.5813,41.7754],[1.5933,41.7778],[1.5933,41.7812],[1.5998,41.7888],[1.5936,41.8001],[1.5882,41.8045],[1.5929,41.8119],[1.6117,41.818],[1.6152,41.8302],[1.6097,41.836],[1.6191,41.8413],[1.6318,41.8436],[1.6267,41.8483],[1.6305,41.8584],[1.6165,41.8808],[1.6005,41.8837],[1.5831,41.8735],[1.5685,41.8798],[1.576,41.891],[1.5826,41.8928],[1.583,41.8882],[1.586,41.8883],[1.5986,41.9013],[1.6047,41.9014],[1.6155,41.9059],[1.6184,41.9117],[1.6372,41.9264],[1.6425,41.9289],[1.6513,41.9269],[1.6527,41.9287],[1.6424,41.9405],[1.6446,41.9439],[1.6501,41.9449],[1.6469,41.9526],[1.6491,41.957],[1.6447,41.9596],[1.6442,41.9687],[1.6511,41.9784],[1.6547,41.9802],[1.6591,41.9781],[1.6592,41.9832],[1.664,41.9847],[1.6743,41.9827],[1.6683,41.9715],[1.6708,41.9684],[1.6824,41.9677],[1.7193,41.9849],[1.7137,41.9922],[1.7168,41.9941],[1.7174,41.9997],[1.6987,42.0138],[1.6947,42.0132],[1.6901,42.0051],[1.6988,41.9935],[1.6974,41.9857],[1.6914,41.9868],[1.6848,41.9951],[1.6622,41.9911],[1.6619,42.0013],[1.6577,42.0029],[1.6545,41.9996],[1.6564,41.9978],[1.6543,41.993],[1.6516,41.993],[1.6475,41.9994],[1.6524,42.0054],[1.6518,42.0112],[1.6562,42.0207],[1.6644,42.0216],[1.661,42.0061],[1.6663,42.003],[1.6701,42.0065],[1.6699,42.0156],[1.6783,42.0184],[1.6893,42.0274],[1.6942,42.0281],[1.697,42.026],[1.6997,42.0289],[1.6944,42.0349],[1.6974,42.0365],[1.6967,42.0402],[1.6916,42.0456],[1.6842,42.0488],[1.6805,42.0454],[1.6792,42.0383],[1.6725,42.0407],[1.6711,42.0438],[1.6746,42.0586],[1.6869,42.0684],[1.6911,42.0754],[1.6879,42.0781],[1.6912,42.0868],[1.7076,42.0824],[1.7175,42.0858],[1.7222,42.0914],[1.7229,42.1001],[1.7116,42.1017],[1.7044,42.106],[1.7095,42.1097],[1.7115,42.1194],[1.6996,42.1279],[1.6993,42.1323],[1.7079,42.1499],[1.7138,42.1547],[1.7206,42.1518],[1.7241,42.1527],[1.7291,42.1584],[1.7342,42.1588],[1.7383,42.1629],[1.7347,42.1815],[1.7366,42.1835],[1.7317,42.184],[1.7288,42.1799],[1.7259,42.1664],[1.7164,42.1655],[1.7081,42.1611],[1.701,42.1696],[1.6938,42.1724],[1.6854,42.1704],[1.6821,42.1674],[1.6692,42.1696],[1.6672,42.1632],[1.6583,42.1652],[1.6523,42.1694],[1.6558,42.1707],[1.655,42.1744],[1.6507,42.1778],[1.6418,42.1966],[1.6257,42.1978],[1.616,42.203],[1.6138,42.201],[1.5974,42.2003]],[[1.6914,42.1046],[1.6631,42.1053],[1.6445,42.1115],[1.6472,42.114],[1.6591,42.1147],[1.6922,42.1129],[1.6914,42.1046]],[[1.6892,42.1019],[1.689,42.102],[1.6892,42.102],[1.6892,42.1019]],[[1.3214,41.9903],[1.321,41.9832],[1.3155,41.9829],[1.3137,41.9894],[1.3214,41.9903]]]}},{"type":"Feature","properties":{"n":"Tarragonès"},"geometry":{"type":"Polygon","coordinates":[[[1.365,41.2515],[1.3575,41.2547],[1.3471,41.2414],[1.3508,41.2405],[1.3505,41.2382],[1.3339,41.2372],[1.3415,41.2289],[1.3479,41.2296],[1.3535,41.2247],[1.352,41.2206],[1.3482,41.2221],[1.3398,41.2141],[1.336,41.2207],[1.3252,41.2194],[1.3178,41.2237],[1.3134,41.2308],[1.296,41.2387],[1.2844,41.2342],[1.2696,41.2336],[1.2596,41.2225],[1.2469,41.2261],[1.2423,41.2214],[1.253,41.2131],[1.2605,41.2012],[1.259,41.1996],[1.246,41.204],[1.2338,41.2039],[1.2327,41.2173],[1.2245,41.2143],[1.2168,41.2162],[1.203,41.2283],[1.196,41.2237],[1.1875,41.2322],[1.1808,41.2234],[1.1746,41.2256],[1.1733,41.224],[1.1794,41.2216],[1.1774,41.2142],[1.1811,41.2139],[1.1777,41.2027],[1.1662,41.1858],[1.1544,41.1791],[1.1496,41.1723],[1.1438,41.1705],[1.1607,41.1501],[1.1772,41.1441],[1.1812,41.1366],[1.1912,41.1314],[1.189,41.1282],[1.1768,41.1303],[1.1716,41.1339],[1.1779,41.136],[1.1784,41.1381],[1.1651,41.1384],[1.1622,41.1331],[1.167,41.1291],[1.1689,41.1313],[1.1716,41.1294],[1.1743,41.1197],[1.1678,41.1169],[1.1766,41.1084],[1.1649,41.1087],[1.1523,41.1226],[1.1304,41.1307],[1.1202,41.1304],[1.1193,41.1218],[1.1236,41.1218],[1.1261,41.1176],[1.1267,41.103],[1.1121,41.1053],[1.1129,41.107],[1.1013,41.1137],[1.0939,41.1085],[1.0952,41.0911],[1.1178,41.0736],[1.1285,41.0749],[1.1317,41.0744],[1.1303,41.073],[1.1434,41.0721],[1.1491,41.0675],[1.1476,41.0654],[1.1577,41.0642],[1.1621,41.0586],[1.1608,41.0558],[1.1673,41.0566],[1.1705,41.0547],[1.1811,41.064],[1.1796,41.0705],[1.1866,41.0811],[1.1923,41.0853],[1.1959,41.0829],[1.1907,41.0866],[1.192,41.088],[1.1968,41.0909],[1.1996,41.0878],[1.2058,41.0834],[1.206,41.0836],[1.1996,41.0881],[1.1972,41.0929],[1.1988,41.094],[1.2081,41.0876],[1.2097,41.087],[1.2142,41.0871],[1.2098,41.0873],[1.2119,41.0887],[1.2048,41.0957],[1.2078,41.0974],[1.2161,41.0902],[1.2192,41.0924],[1.2129,41.0994],[1.2184,41.1023],[1.224,41.1018],[1.2255,41.0982],[1.2229,41.0962],[1.2266,41.0986],[1.2276,41.1003],[1.2259,41.1053],[1.2285,41.1054],[1.2301,41.101],[1.2375,41.1038],[1.2372,41.1065],[1.2452,41.1045],[1.2337,41.0998],[1.2235,41.0906],[1.2252,41.0872],[1.2135,41.0787],[1.2265,41.0875],[1.2322,41.0949],[1.2463,41.1005],[1.2484,41.1053],[1.2524,41.1094],[1.2524,41.1064],[1.2558,41.1119],[1.2642,41.1142],[1.2704,41.1132],[1.2779,41.1199],[1.2951,41.1269],[1.3211,41.1295],[1.3247,41.1277],[1.3361,41.1286],[1.344,41.1248],[1.3473,41.128],[1.3525,41.1271],[1.3765,41.1336],[1.3839,41.1344],[1.3941,41.1318],[1.4044,41.1362],[1.4015,41.1326],[1.405,41.1361],[1.4043,41.138],[1.4078,41.1409],[1.4269,41.1497],[1.4667,41.1661],[1.4794,41.1685],[1.4839,41.1671],[1.4861,41.1701],[1.4882,41.1685],[1.4828,41.1661],[1.4852,41.1663],[1.4957,41.1732],[1.4793,41.1926],[1.4778,41.2005],[1.4792,41.2063],[1.4768,41.2085],[1.4579,41.2035],[1.4473,41.2045],[1.4357,41.2024],[1.4261,41.2116],[1.4098,41.2126],[1.3952,41.2056],[1.3904,41.2208],[1.3987,41.2211],[1.405,41.2256],[1.4059,41.2374],[1.4132,41.2412],[1.3983,41.2392],[1.3715,41.2429],[1.365,41.2515]],[[1.2396,41.1073],[1.2434,41.1098],[1.2491,41.1086],[1.2472,41.1058],[1.2396,41.1073]]]}},{"type":"Feature","properties":{"n":"Terra Alta"},"geometry":{"type":"Polygon","coordinates":[[[0.3817,41.2366],[0.3642,41.2385],[0.3645,41.2279],[0.3612,41.2252],[0.3491,41.2269],[0.3408,41.231],[0.3311,41.2223],[0.3212,41.224],[0.3062,41.1856],[0.3049,41.1718],[0.3004,41.1671],[0.3033,41.1645],[0.302,41.161],[0.2835,41.1554],[0.2722,41.1486],[0.253,41.1499],[0.2562,41.143],[0.2485,41.13],[0.2378,41.1299],[0.214,41.1372],[0.2126,41.1364],[0.2198,41.1341],[0.2196,41.1319],[0.2009,41.1259],[0.2086,41.1165],[0.2005,41.1022],[0.2006,41.0849],[0.2196,41.0833],[0.2195,41.0795],[0.2163,41.0774],[0.2207,41.0713],[0.2174,41.0666],[0.2189,41.0613],[0.2303,41.0568],[0.2294,41.0522],[0.2174,41.0473],[0.2181,41.0435],[0.2215,41.0417],[0.2267,41.0466],[0.2326,41.0472],[0.2347,41.0444],[0.2299,41.0398],[0.2322,41.0348],[0.2419,41.0344],[0.2445,41.0365],[0.2429,41.0406],[0.2461,41.0414],[0.2523,41.0328],[0.2589,41.0286],[0.2653,41.0254],[0.272,41.0257],[0.2784,41.0216],[0.2799,41.0194],[0.2769,41.0178],[0.2619,41.0192],[0.2588,41.0141],[0.2619,41.0107],[0.2747,41.0066],[0.2748,41.0047],[0.2694,41.0022],[0.2684,40.9982],[0.2812,40.9867],[0.282,40.9728],[0.2897,40.974],[0.2936,40.9709],[0.2842,40.9643],[0.2849,40.9589],[0.2813,40.9523],[0.2726,40.9457],[0.2738,40.9355],[0.2667,40.9283],[0.2603,40.9279],[0.2543,40.9203],[0.2517,40.912],[0.2485,40.9094],[0.2513,40.9034],[0.246,40.8891],[0.2386,40.8846],[0.2555,40.8739],[0.2534,40.8697],[0.2536,40.8543],[0.26,40.8384],[0.2791,40.8212],[0.2733,40.8185],[0.2922,40.8159],[0.3055,40.8353],[0.3144,40.8416],[0.3252,40.8439],[0.3329,40.8492],[0.339,40.8584],[0.3621,40.8803],[0.3604,40.8831],[0.3665,40.8859],[0.369,40.891],[0.3643,40.8982],[0.3662,40.9007],[0.3635,40.9081],[0.3685,40.9204],[0.3671,40.9335],[0.3707,40.9427],[0.3874,40.9449],[0.3949,40.9543],[0.4449,40.9641],[0.4546,40.9783],[0.4864,40.9772],[0.5025,40.9887],[0.5067,40.995],[0.5354,41.0011],[0.5445,41.0085],[0.5706,41.0192],[0.5673,41.0245],[0.5481,41.0374],[0.5477,41.0464],[0.5445,41.0507],[0.528,41.0555],[0.5271,41.0628],[0.5023,41.0599],[0.4998,41.0632],[0.5038,41.0677],[0.5206,41.0755],[0.521,41.0792],[0.533,41.0908],[0.5362,41.0977],[0.5535,41.1175],[0.5298,41.125],[0.515,41.1338],[0.4941,41.1367],[0.4882,41.142],[0.488,41.1452],[0.5012,41.1569],[0.499,41.1705],[0.5015,41.174],[0.495,41.1968],[0.4865,41.198],[0.4795,41.2035],[0.4594,41.2048],[0.4558,41.2145],[0.4305,41.2286],[0.4135,41.2203],[0.4032,41.2186],[0.4022,41.2164],[0.3778,41.2118],[0.367,41.2068],[0.3671,41.2118],[0.373,41.2231],[0.3716,41.2296],[0.3742,41.2328],[0.3817,41.2348],[0.3817,41.2366]]]}},{"type":"Feature","properties":{"n":"Urgell"},"geometry":{"type":"Polygon","coordinates":[[[0.9538,41.7452],[0.9739,41.7607],[0.9791,41.7755],[0.9766,41.7757],[0.9681,41.7565],[0.9526,41.7471],[0.9538,41.7452]],[[1.1154,41.8541],[1.0995,41.8567],[1.0945,41.851],[1.0755,41.823],[1.0805,41.8241],[1.0607,41.793],[1.0334,41.7688],[1.0197,41.7769],[1.0151,41.7765],[1.0077,41.771],[0.9862,41.7716],[0.9876,41.7743],[0.9711,41.7545],[0.9573,41.744],[0.9605,41.7324],[0.9675,41.735],[0.9775,41.7313],[0.9831,41.7318],[0.9824,41.7131],[0.9742,41.7064],[0.9984,41.6981],[1.0158,41.7058],[1.0227,41.7125],[1.0264,41.7118],[1.0282,41.7111],[0.9986,41.6919],[1.0093,41.6888],[1.0198,41.6959],[1.0416,41.6875],[1.0371,41.6789],[1.0299,41.6798],[1.0262,41.6769],[1.0257,41.6704],[1.0175,41.676],[1.0063,41.6781],[1.0,41.6709],[1.0066,41.6687],[1.001,41.6511],[0.9907,41.6507],[0.9846,41.6413],[0.9865,41.6404],[0.9849,41.637],[0.9756,41.6334],[0.9738,41.6296],[0.9692,41.6295],[0.9677,41.6238],[0.9712,41.6212],[0.9709,41.6163],[0.977,41.6123],[0.9727,41.6068],[0.9758,41.5915],[0.9644,41.5794],[0.9686,41.5778],[0.9617,41.5687],[0.9691,41.5651],[0.9731,41.5582],[0.9867,41.5501],[0.9877,41.5464],[0.9834,41.5464],[0.9881,41.5364],[0.9813,41.5281],[0.9788,41.518],[1.0111,41.512],[1.0201,41.5034],[1.038,41.5051],[1.0374,41.4989],[1.0395,41.5014],[1.045,41.4994],[1.0643,41.4874],[1.0761,41.485],[1.0908,41.4766],[1.0941,41.4782],[1.1046,41.4753],[1.1081,41.4672],[1.1296,41.4743],[1.1309,41.4773],[1.1618,41.4825],[1.1798,41.4884],[1.1762,41.4936],[1.1758,41.5002],[1.1647,41.5085],[1.1654,41.5177],[1.1701,41.5192],[1.1704,41.531],[1.1762,41.5338],[1.1665,41.5371],[1.1683,41.5403],[1.1809,41.5433],[1.1977,41.5437],[1.2107,41.5487],[1.2126,41.5591],[1.2165,41.5622],[1.2157,41.5672],[1.2197,41.5697],[1.2128,41.5788],[1.2135,41.5847],[1.211,41.5881],[1.1712,41.5999],[1.167,41.6022],[1.1687,41.6063],[1.1654,41.6103],[1.1675,41.6135],[1.1866,41.6199],[1.189,41.6321],[1.1861,41.6505],[1.1906,41.6526],[1.1912,41.6612],[1.1898,41.6746],[1.1849,41.6764],[1.1875,41.6859],[1.194,41.6909],[1.1987,41.7065],[1.2065,41.7166],[1.1966,41.721],[1.1787,41.7098],[1.1704,41.7089],[1.1566,41.7125],[1.1797,41.7479],[1.1786,41.7535],[1.1611,41.7582],[1.17,41.7598],[1.1739,41.7638],[1.1728,41.7668],[1.1677,41.7689],[1.1662,41.7751],[1.1762,41.7863],[1.1702,41.7871],[1.1636,41.7814],[1.1596,41.7812],[1.1403,41.7857],[1.1405,41.7927],[1.1363,41.8012],[1.1411,41.8083],[1.151,41.8158],[1.1528,41.8184],[1.1511,41.8201],[1.1461,41.8209],[1.1374,41.8135],[1.1335,41.8044],[1.0987,41.8115],[1.0986,41.8195],[1.1031,41.8277],[1.1142,41.8216],[1.1245,41.833],[1.1207,41.8489],[1.115,41.8509],[1.1154,41.8541]],[[1.0991,41.7052],[1.1001,41.7027],[1.0774,41.6868],[1.0583,41.6812],[1.0552,41.6828],[1.0787,41.7021],[1.0825,41.7005],[1.0991,41.7052]],[[1.0581,41.8487],[1.0554,41.8576],[1.0454,41.8583],[1.0332,41.8519],[1.029,41.8558],[1.0209,41.8502],[1.0205,41.8401],[1.0245,41.8384],[1.0244,41.8317],[1.0217,41.8284],[1.0242,41.8278],[1.0269,41.8202],[1.0323,41.8206],[1.0359,41.8257],[1.0421,41.8287],[1.0512,41.8299],[1.0544,41.837],[1.0666,41.8352],[1.0616,41.849],[1.0581,41.8487]]]}},{"type":"Feature","properties":{"n":"Val d'Aran"},"geometry":{"type":"Polygon","coordinates":[[[0.7345,42.8544],[0.7096,42.8613],[0.6916,42.8551],[0.6782,42.8548],[0.6781,42.8477],[0.6594,42.8388],[0.6615,42.8299],[0.67,42.8243],[0.665,42.8138],[0.6708,42.8045],[0.6694,42.8018],[0.6605,42.7984],[0.6505,42.7854],[0.6451,42.7831],[0.6538,42.7773],[0.6672,42.7751],[0.6623,42.77],[0.6504,42.765],[0.6501,42.7602],[0.6456,42.7556],[0.6393,42.7549],[0.6473,42.7514],[0.6608,42.7517],[0.6637,42.7495],[0.6632,42.7433],[0.6704,42.7313],[0.6802,42.7233],[0.6738,42.7174],[0.6825,42.709],[0.674,42.6989],[0.6767,42.6908],[0.6622,42.6914],[0.66,42.6888],[0.6738,42.6772],[0.6845,42.6596],[0.6958,42.6583],[0.6955,42.6521],[0.7014,42.6404],[0.6992,42.6284],[0.7078,42.621],[0.7371,42.6129],[0.745,42.6151],[0.7676,42.6116],[0.8108,42.6188],[0.8263,42.6053],[0.8413,42.6088],[0.8505,42.6171],[0.8756,42.6264],[0.8763,42.631],[0.8785,42.6319],[0.8871,42.6271],[0.8955,42.6259],[0.8942,42.6156],[0.896,42.6113],[0.912,42.6068],[0.9191,42.5926],[0.9418,42.5894],[0.9528,42.594],[0.9541,42.6028],[0.9624,42.6037],[0.9688,42.6089],[0.9694,42.618],[0.962,42.6253],[0.9609,42.6308],[0.9711,42.6425],[0.9803,42.6767],[0.9862,42.6839],[0.978,42.6896],[0.9762,42.6934],[0.9817,42.6987],[0.9934,42.7007],[1.006,42.7128],[1.0146,42.7098],[1.0285,42.71],[1.0273,42.7173],[1.0224,42.7188],[1.0246,42.7288],[1.03,42.7346],[1.0272,42.743],[1.0324,42.7541],[1.0273,42.7663],[1.0372,42.787],[1.0171,42.7871],[1.0052,42.7909],[0.9944,42.787],[0.983,42.7869],[0.9771,42.7913],[0.9776,42.7949],[0.9602,42.8059],[0.9393,42.7967],[0.9331,42.7895],[0.926,42.7895],[0.8861,42.8126],[0.8687,42.8171],[0.8539,42.8268],[0.8338,42.8284],[0.8157,42.8371],[0.8015,42.8406],[0.7898,42.8365],[0.7771,42.8362],[0.7612,42.8428],[0.7363,42.8489],[0.7345,42.8544]]]}},{"type":"Feature","properties":{"n":"Vallès Occidental"},"geometry":{"type":"Polygon","coordinates":[[[2.1249,41.7125],[2.1081,41.7179],[2.0997,41.7149],[2.0958,41.7092],[2.0871,41.7078],[2.0657,41.7126],[2.0509,41.7108],[2.0389,41.7165],[2.0329,41.7165],[2.0291,41.711],[2.0206,41.7055],[2.022,41.6984],[2.0091,41.6913],[2.0128,41.6807],[2.0046,41.6755],[2.0108,41.6667],[2.0088,41.6562],[1.9902,41.6544],[1.9829,41.6482],[1.9714,41.6488],[1.9611,41.6442],[1.9421,41.6489],[1.9401,41.6523],[1.942,41.6563],[1.9339,41.6632],[1.9303,41.658],[1.9199,41.6658],[1.9076,41.6646],[1.901,41.6571],[1.894,41.656],[1.8889,41.6483],[1.8929,41.6171],[1.8732,41.6127],[1.865,41.6183],[1.8632,41.6169],[1.8608,41.6096],[1.8633,41.5923],[1.8791,41.5894],[1.8912,41.5807],[1.8844,41.5791],[1.9092,41.5705],[1.9204,41.5711],[1.9191,41.5564],[1.9272,41.5527],[1.9361,41.5303],[1.9513,41.5229],[1.9512,41.5102],[1.9366,41.5091],[1.9302,41.4959],[1.9223,41.4954],[1.9223,41.4897],[1.9324,41.4855],[1.934,41.4793],[1.9452,41.4676],[1.9507,41.4718],[1.9509,41.467],[1.9611,41.46],[1.9733,41.4637],[1.9784,41.4492],[1.9941,41.4356],[1.9997,41.4602],[2.0105,41.4566],[2.0152,41.4588],[2.0234,41.4575],[2.0246,41.4499],[2.0329,41.4417],[2.0457,41.4447],[2.0636,41.4438],[2.0594,41.4354],[2.0693,41.4253],[2.0705,41.4188],[2.0791,41.4149],[2.0787,41.4227],[2.0754,41.425],[2.0718,41.4363],[2.0857,41.429],[2.0989,41.4313],[2.1213,41.4258],[2.1282,41.4335],[2.1299,41.443],[2.1346,41.4473],[2.1642,41.4501],[2.1657,41.4582],[2.1798,41.4655],[2.1787,41.4682],[2.1871,41.4677],[2.1889,41.4708],[2.1998,41.4734],[2.2062,41.4703],[2.2134,41.4715],[2.2176,41.477],[2.2118,41.4805],[2.2247,41.4925],[2.2234,41.4962],[2.211,41.4992],[2.2038,41.5039],[2.2005,41.5014],[2.1894,41.5139],[2.1891,41.5155],[2.1991,41.5167],[2.2065,41.5289],[2.1985,41.5451],[2.1939,41.5477],[2.1876,41.5663],[2.1932,41.5678],[2.1962,41.575],[2.2027,41.5758],[2.1889,41.5984],[2.188,41.6066],[2.1852,41.6062],[2.1843,41.6023],[2.1647,41.6012],[2.1608,41.6147],[2.1487,41.6308],[2.136,41.6392],[2.1164,41.6443],[2.1079,41.6549],[2.102,41.6583],[2.0964,41.6589],[2.0961,41.6591],[2.121,41.6701],[2.1346,41.6692],[2.1312,41.6807],[2.1334,41.687],[2.1398,41.6928],[2.1343,41.7048],[2.133,41.7156],[2.1249,41.7125]]]}},{"type":"Feature","properties":{"n":"Vallès Oriental"},"geometry":{"type":"Polygon","coordinates":[[[2.3827,41.8088],[2.3756,41.7969],[2.3622,41.7899],[2.3655,41.7855],[2.3655,41.7699],[2.3489,41.7642],[2.3344,41.7637],[2.3323,41.7719],[2.3285,41.7757],[2.3282,41.7888],[2.3209,41.7878],[2.317,41.7926],[2.3037,41.7985],[2.2915,41.7932],[2.2866,41.7846],[2.2782,41.7792],[2.2738,41.7715],[2.2662,41.7666],[2.2539,41.7647],[2.2498,41.7596],[2.2508,41.7494],[2.2605,41.7454],[2.2606,41.7407],[2.2579,41.7382],[2.2623,41.7352],[2.2627,41.7323],[2.2564,41.7282],[2.2553,41.7308],[2.2406,41.7296],[2.2439,41.7261],[2.2395,41.7216],[2.2422,41.7077],[2.2403,41.7057],[2.2374,41.7095],[2.2224,41.7045],[2.2132,41.7039],[2.2137,41.7075],[2.2097,41.7099],[2.1954,41.7057],[2.1917,41.7158],[2.1845,41.7171],[2.1701,41.7119],[2.1566,41.7164],[2.1447,41.7138],[2.133,41.7156],[2.1343,41.7048],[2.1398,41.6928],[2.1334,41.687],[2.1312,41.6807],[2.1346,41.6692],[2.121,41.6701],[2.0961,41.6591],[2.1079,41.6549],[2.1164,41.6443],[2.136,41.6392],[2.1487,41.6308],[2.1608,41.6147],[2.1647,41.6012],[2.1843,41.6023],[2.1852,41.6062],[2.188,41.6066],[2.1889,41.5984],[2.2027,41.5758],[2.1962,41.575],[2.1932,41.5678],[2.1876,41.5663],[2.1939,41.5477],[2.1985,41.5451],[2.2065,41.5289],[2.1989,41.5165],[2.1891,41.5155],[2.2005,41.5014],[2.2038,41.5039],[2.211,41.4992],[2.2234,41.4962],[2.2247,41.4925],[2.2409,41.4912],[2.2471,41.4886],[2.2594,41.4976],[2.2633,41.504],[2.2668,41.5048],[2.2682,41.5092],[2.2732,41.5114],[2.285,41.5154],[2.3072,41.5134],[2.3097,41.5163],[2.323,41.5166],[2.3309,41.5239],[2.3279,41.5286],[2.316,41.5334],[2.3347,41.5439],[2.3386,41.5509],[2.3375,41.5611],[2.3415,41.561],[2.3559,41.5739],[2.3685,41.5854],[2.3751,41.5951],[2.3829,41.5971],[2.3941,41.6084],[2.4011,41.6099],[2.4173,41.6271],[2.4237,41.6302],[2.4531,41.628],[2.4556,41.6312],[2.459,41.6285],[2.4852,41.631],[2.4852,41.6269],[2.4972,41.6233],[2.5232,41.6259],[2.5335,41.6331],[2.5355,41.641],[2.5395,41.6428],[2.5471,41.6583],[2.5715,41.661],[2.5939,41.6589],[2.5982,41.6701],[2.609,41.6754],[2.5942,41.6867],[2.5879,41.7001],[2.6002,41.7161],[2.5957,41.7214],[2.5989,41.7283],[2.5781,41.7245],[2.5694,41.7261],[2.5477,41.719],[2.5384,41.7215],[2.5306,41.7307],[2.5333,41.7358],[2.5305,41.7392],[2.515,41.7486],[2.5153,41.7529],[2.5181,41.7554],[2.5159,41.7615],[2.4906,41.7654],[2.4692,41.7779],[2.4725,41.7896],[2.4555,41.7844],[2.4439,41.7894],[2.443,41.7988],[2.4345,41.803],[2.4162,41.8046],[2.4047,41.8017],[2.3973,41.8051],[2.387,41.8052],[2.3827,41.8088]]]}},{"type":"Feature","properties":{"n":"Moianès"},"geometry":{"type":"Polygon","coordinates":[[[2.144,41.9017],[2.1352,41.9133],[2.1302,41.91],[2.1049,41.9033],[2.0917,41.9046],[2.0913,41.909],[2.0811,41.9059],[2.0739,41.9001],[2.0653,41.9016],[2.0466,41.8975],[2.0405,41.9027],[2.0336,41.9021],[2.0221,41.911],[2.0125,41.9121],[2.0103,41.9065],[2.0146,41.9001],[2.0141,41.8841],[2.0054,41.8849],[2.0014,41.8829],[2.0113,41.8789],[2.0159,41.8733],[2.0041,41.8672],[1.9946,41.8585],[1.981,41.8519],[1.9758,41.8472],[1.9751,41.8407],[1.9772,41.8371],[2.0033,41.8328],[2.0117,41.8224],[2.0205,41.8234],[2.0333,41.8133],[2.0381,41.8059],[2.0275,41.8017],[1.9796,41.7926],[1.9542,41.782],[1.9344,41.7807],[1.9039,41.7742],[1.9112,41.7746],[1.9175,41.77],[1.9177,41.7575],[1.9282,41.7451],[1.9536,41.747],[1.9713,41.7527],[1.9792,41.7532],[1.9892,41.7499],[2.0018,41.7411],[2.0039,41.7289],[2.0103,41.7301],[2.0145,41.7274],[2.0221,41.7077],[2.0357,41.7169],[2.0509,41.7108],[2.0657,41.7126],[2.0871,41.7078],[2.0958,41.7092],[2.0997,41.7149],[2.1091,41.718],[2.1249,41.7125],[2.133,41.7156],[2.1447,41.7138],[2.1566,41.7164],[2.1701,41.7119],[2.1845,41.7171],[2.1917,41.7158],[2.1954,41.7057],[2.2097,41.7099],[2.2137,41.7075],[2.2132,41.7039],[2.2224,41.7045],[2.2374,41.7095],[2.2403,41.7057],[2.2422,41.7077],[2.2395,41.7216],[2.2439,41.7261],[2.2406,41.7296],[2.2362,41.7321],[2.2136,41.7269],[2.1933,41.7306],[2.1895,41.7326],[2.1845,41.7427],[2.1886,41.7556],[2.1888,41.7753],[2.186,41.7892],[2.1835,41.7936],[2.1756,41.7982],[2.1855,41.8091],[2.1965,41.8361],[2.192,41.8379],[2.1885,41.8441],[2.19,41.8486],[2.1863,41.8599],[2.1836,41.8547],[2.1797,41.8526],[2.1578,41.8564],[2.1539,41.8535],[2.1462,41.8526],[2.1367,41.8589],[2.1285,41.869],[2.1319,41.8782],[2.124,41.8811],[2.123,41.8856],[2.133,41.8864],[2.1382,41.8894],[2.144,41.9017]]]}},{"type":"Feature","properties":{"n":"Lluçanès"},"geometry":{"type":"Polygon","coordinates":[[[2.0146,41.9357],[2.0223,41.9379],[2.0192,41.9397],[2.0187,41.9445],[2.011,41.9387],[2.0146,41.9357]],[[2.0941,42.1419],[2.0706,42.1417],[2.0612,42.1352],[2.0677,42.1344],[2.07,42.1317],[2.068,42.1227],[2.0496,42.1216],[2.0545,42.1075],[2.0456,42.1045],[2.0625,42.0986],[2.0577,42.0877],[2.053,42.0945],[2.0425,42.0924],[2.0399,42.0865],[2.0417,42.0818],[2.0453,42.081],[2.0347,42.0771],[2.0259,42.0929],[2.027,42.0954],[2.0136,42.0936],[2.0081,42.0852],[2.01,42.0817],[2.0076,42.0543],[1.9977,42.0347],[1.9973,42.0286],[2.0033,42.0303],[2.0182,42.0283],[2.0215,42.0238],[2.0077,42.0089],[2.0046,41.9946],[1.9997,41.9902],[1.9947,41.9898],[1.9983,41.9775],[1.9856,41.9696],[1.9982,41.9704],[2.0046,41.9651],[2.0181,41.9662],[2.0317,41.9601],[2.0271,41.9504],[2.0289,41.9488],[2.0259,41.9375],[2.0299,41.9318],[2.0357,41.9113],[2.0425,41.9079],[2.0457,41.9087],[2.045,41.8996],[2.0405,41.9027],[2.0466,41.8975],[2.0653,41.9016],[2.0739,41.9001],[2.0811,41.9059],[2.0913,41.909],[2.0934,41.9139],[2.0904,41.915],[2.0981,41.9214],[2.1012,41.92],[2.1068,41.9245],[2.1229,41.9442],[2.128,41.9427],[2.1396,41.9446],[2.1365,41.948],[2.1358,41.9552],[2.1287,41.9579],[2.1312,41.9644],[2.1215,41.9667],[2.1283,41.9719],[2.1291,41.985],[2.1244,41.9908],[2.1348,42.0019],[2.1399,42.0036],[2.1467,42.0105],[2.1547,42.011],[2.1758,42.0028],[2.1934,42.008],[2.1933,42.0145],[2.2,42.0183],[2.1969,42.0256],[2.1805,42.0419],[2.1363,42.0253],[2.1318,42.0255],[2.124,42.0328],[2.129,42.0416],[2.1239,42.0493],[2.1273,42.0518],[2.1358,42.0519],[2.1342,42.0541],[2.1355,42.0575],[2.1107,42.0758],[2.1051,42.0855],[2.1124,42.0999],[2.116,42.1018],[2.1226,42.0992],[2.13,42.1004],[2.1329,42.1052],[2.1246,42.1137],[2.1132,42.1169],[2.0999,42.1251],[2.0978,42.1305],[2.1003,42.1359],[2.0994,42.1398],[2.0941,42.1419]]]}}]}